TimeSec,SensorId,SensorType,RangeM,BearingRad,WorldX,WorldY,ExtentM,IsGhost,TrueId
0,1,UAV,23.6697504061336,1.03860899948941,22.0104898824083,30.396205948,0.738197222774422,0,1
0,1,UAV,18,-0.501592653589793,25.7827220270971,1.34519293020433,1.4,1,0
0,2,UAV,40.9515379959383,1.77549334944378,61.675759688875,50.0965770044704,3.39024924993952,0,2
0,3,UAV,44.0396540247853,-1.99237749420158,21.9788111014851,29.8163232480298,0.801829544016326,0,1
0,3,UAV,29.7897550052854,-0.735173965717487,62.0954808165947,50.0195287653563,3.43007665184434,0,2
0,3,UAV,24,2.95840734641021,16.401557477378,74.3719001025303,0.7,1,0
0,4,UGV,20.7162137610237,-0.823470764581705,22.0803851532004,29.8044655727427,0.846360055206665,0,1
0,5,UGV,11.2465588381702,2.68333808626361,61.9137934689159,49.9752912992848,3.34517711681573,0,2
0,5,UGV,30,0.135222039230621,101.726142673478,49.0443097997099,1.4,1,0
0,6,UGV,30.910876887969,2.17725490231872,22.3820009916523,30.3985909240068,0.82655254805837,0,1
0.5,1,UAV,23.2730086494601,1.01337134549291,22.3114853786627,29.7499432750785,0.708008406655066,0,1
0.5,2,UAV,40.6191416502969,1.77418860128943,61.7952243749234,49.7818592495252,3.41460354408736,0,2
0.5,2,UAV,28,2.13840734641021,54.9466616767332,33.6092567719797,0.7,1,0
0.5,3,UAV,43.9798255308495,-2.00049323422208,21.6782121578915,30.018289881588,0.837971322048992,0,1
0.5,3,UAV,29.6093142931603,-0.743522189505133,61.7950909391521,49.9579066995178,3.48117559155048,0,2
0.5,4,UGV,20.3442816162181,-0.799027901551136,22.1881776960571,30.419691081973,0.66411395319572,0,1
0.5,4,UGV,9,-0.684777960769379,14.9710355560657,39.3074905993869,1.4,1,0
0.5,5,UGV,11.200776772078,2.68569788845924,61.9431870869071,49.9313197350173,3.34826666261475,0,2
0.5,6,UGV,30.8678371314504,2.17305345008035,22.513249333081,30.4369204167241,0.763683532360271,0,1
0.5,6,UGV,15,2.77522203923062,25.9954953388804,10.3734392335524,0.7,1,0
1,1,UAV,23.5932183832923,1.02668179776925,22.2132818721305,30.1860273356005,0.634082739026642,0,1
1,1,UAV,32,1.31840734641021,17.9909748424874,40.9861956533346,0.7,1,0
1,2,UAV,40.9479624190631,1.77115142080729,61.8506456851516,50.1288381407195,3.34244086886918,0,2
1,3,UAV,43.6123895434771,-1.99103532108491,22.2070755603514,30.182260717402,0.740025820871941,0,1
1,3,UAV,29.7593433103532,-0.740109716794317,61.9741376135758,49.9312234951132,3.39318369220374,0,2
1,3,UAV,13,-1.50477796076938,40.8576154660155,57.02831947231,1.4,1,0
1,4,UGV,20.441593623697,-0.80967479662523,22.0992608511058,30.1990002591431,0.750272450001165,0,1
1,5,UGV,11.3771455711329,2.69020633061409,61.7623525293072,49.9628636504104,3.59206307823426,0,2
1,5,UGV,19,1.95522203923062,64.8744903054031,62.6132652166543,0.7,1,0
1,6,UGV,30.9316257880151,2.18756096100265,22.1091807535281,30.232599164174,1.03558219868932,0,1
1.5,1,UAV,23.6105021341108,1.03701185125807,22.0129050904405,30.325991299637,0.912429120351959,0,1
1.5,2,UAV,40.8592209179523,1.76330178145036,62.1828683306353,50.1044684104632,3.51220395895366,0,2
1.5,2,UAV,17,-2.32477796076938,58.3627066704723,-2.39247368213989,1.4,1,0
1.5,3,UAV,43.5252121604325,-1.9978699565833,21.9714631778683,30.3841451731291,0.766785415014329,0,1
1.5,3,UAV,29.7916892680681,-0.738732374598571,62.025672435386,49.939728236781,3.39967763963587,0,2
1.5,4,UGV,20.5289639655634,-0.797096125203861,22.3453707039283,30.3150178458986,0.679376747646562,0,1
1.5,4,UGV,23,1.13522203923062,17.7044161287785,65.8524412863219,0.7,1,0
1.5,5,UGV,11.5135331097204,2.69228550833172,61.6292051525205,50.0008058250767,3.31919143711064,0,2
1.5,6,UGV,31.0765309384613,2.18150940831966,22.1791076982081,30.4591157100374,0.775862617805458,0,1
1.5,6,UGV,29,-1.68796326794897,36.6099276849876,-23.8011702834969,1.4,1,0
2,1,UAV,23.9730335312124,1.02705866629304,22.4021664179955,30.5156673015766,0.798986027338154,0,1
2,1,UAV,21,3.13840734641021,-10.9998934651809,10.0668913376559,1.4,1,0
2,2,UAV,40.6123203596121,1.76898825293498,62.0035570034236,49.8173010686846,3.47948707489115,0,2
2,3,UAV,43.4438965723447,-1.97929762894964,22.7425900790026,30.1307894208169,0.868126698315361,0,1
2,3,UAV,29.6101706791952,-0.750325077635196,61.6588699618306,49.8095180932306,3.56490732146055,0,2
2,3,UAV,27,0.315222039230619,65.6696442297795,78.3707445974983,0.7,1,0
2,4,UGV,20.6018612248971,-0.800033864891886,22.3529544473384,30.2206432967282,0.711257107430086,0,1
2,5,UGV,11.2853106695483,2.69706808291457,61.8114498138799,49.853007522468,3.4939988446508,0,2
2,5,UGV,8,-2.50796326794897,65.5529283388764,40.2634118823422,1.4,1,0
2,6,UGV,31.1671194710474,2.17273587029396,22.3518621807197,30.6891527231676,0.798485104212053,0,1
2.5,1,UAV,23.9653032377029,1.02025463438905,22.5374234236984,30.4242202585546,0.774768221211276,0,1
2.5,2,UAV,40.6412775108938,1.7758870746225,61.7231597139739,49.7895382305085,3.39187125326394,0,2
2.5,2,UAV,31,-0.504777960769379,97.1337381895874,-4.99200626530439,0.7,1,0
2.5,3,UAV,43.0848653849396,-1.97765051587368,22.9503591939853,30.4321421653352,1.00796616836546,0,1
2.5,3,UAV,29.7498909563855,-0.743694652834318,61.8950946140641,49.8589760995621,3.60750051850917,0,2
2.5,4,UGV,20.4423028277328,-0.7772196254938,22.5726260780235,30.6638110332333,0.702608890466972,0,1
2.5,4,UGV,12,2.95522203923062,-3.79219849222144,47.2235230423925,1.4,1,0
2.5,5,UGV,11.343609038662,2.7182033942832,61.6580124382319,49.6605535394679,3.54808360202978,0,2
2.5,6,UGV,30.7589739120576,2.17725205370637,22.4686517820974,30.2738264966997,0.888688185817865,0,1
2.5,6,UGV,18,0.132036732051034,57.8433245304629,7.369761528209,0.7,1,0
3,1,UAV,24.1195970632933,1.02472713409039,22.5260807497091,30.6119446813588,0.700524926704959,0,1
3,1,UAV,10,-1.32477796076938,12.4354415373579,0.301101891549138,0.7,1,0
3,2,UAV,40.5721171903545,1.7864234649659,61.3191863372557,49.6325644825132,3.29288096998376,0,2
3,3,UAV,43.3979351350985,-1.98399512305175,22.5739511907052,30.254388960713,0.730489425472297,0,1
3,3,UAV,29.5818561954794,-0.750899075696122,61.6265770651822,49.8164081389422,3.50464885819273,0,2
3,3,UAV,16,2.13522203923062,31.4411089437446,83.5183351004164,1.4,1,0
3,4,UGV,20.5896046051722,-0.795030814718321,22.4181335170161,30.3013863346633,1.01247233697554,0,1
3,5,UGV,11.5109617932535,2.72262568226741,61.484624961037,49.6828548125792,3.44845175247056,0,2
3,5,UGV,22,-0.687963267948966,88.9958991424376,31.0307690855906,0.7,1,0
3,6,UGV,30.9649456460491,2.16817924709547,22.5828196260503,30.6021422284167,0.798675250526927,0,1
3.5,1,UAV,24.1249216147302,1.03740799780692,22.2664106719434,30.7737096384856,0.466144340667542,0,1
3.5,2,UAV,40.5993064437473,1.78923247320521,61.2020005334512,49.6345668463768,3.47909828409767,0,2
3.5,2,UAV,20,1.31522203923062,75.056021680098,29.3503654944908,1.4,1,0
3.5,3,UAV,43.0861029521019,-1.98132505583965,22.8045870444164,30.4939240004013,0.896166896702526,0,1
3.5,3,UAV,29.4877993233117,-0.745871838697925,61.6586866054008,49.9892128225566,3.4191521852987,0,2
3.5,4,UGV,20.4856206619667,-0.78872172131809,22.4372979027864,30.466415336463,0.726230944486001,0,1
3.5,4,UGV,26,-1.50796326794897,9.63258479602614,19.0513070293746,0.7,1,0
3.5,5,UGV,11.5282204419379,2.71790082970408,61.4911354578099,49.7395814785501,3.67653110268595,0,2
3.5,6,UGV,30.7624662456381,2.15826722874321,22.9496657396931,30.6049884031574,0.877866673200757,0,1
3.5,6,UGV,32,1.95203673205103,28.0936926635935,34.7025225462591,1.4,1,0
4,1,UAV,24.607133037955,1.0244165526385,22.7858042966224,31.0246095049609,0.707518982832731,0,1
4,1,UAV,24,0.495222039230621,31.1167170995884,21.4054486512347,1.4,1,0
4,2,UAV,40.6277201309442,1.78079952568877,61.5306224219915,49.7351391903873,3.53853081160663,0,2
4,3,UAV,42.723957391867,-1.98489484829014,22.809383045313,30.8870964522027,0.578996779822948,0,1
4,3,UAV,29.3602541831519,-0.759162116701944,61.2983098332014,49.7909296614554,3.33405884297988,0,2
4,3,UAV,30,-2.32796326794897,19.3940445979323,48.1964543716396,0.7,1,0
4,4,UGV,20.5808236210838,-0.764713069154559,22.8507320706746,30.7512787279981,0.81518892656411,0,1
4,5,UGV,11.6499076597664,2.71838664492973,61.3778825348631,49.7844507561388,3.35389309809631,0,2
4,5,UGV,11,1.13203673205103,76.6729856685483,54.9580723506883,1.4,1,0
4,6,UGV,30.9327680180569,2.15661134357771,22.8979317958691,30.7750926361125,0.939002801856852,0,1
4.5,1,UAV,24.4644236049999,1.00901255004408,23.0321168902094,30.7043945017669,0.705710709710058,0,1
4.5,2,UAV,40.5056396431429,1.77564397457148,61.760423980385,49.658747205593,3.61042566213754,0,2
4.5,2,UAV,9,3.13522203923062,61.0001826306552,10.0573351414089,0.7,1,0
4.5,3,UAV,42.6491747398981,-1.97086940406024,23.3887584592677,30.7187225198848,0.650033305914979,0,1
4.5,3,UAV,29.6334685350369,-0.760107206002562,61.4772163692338,49.5825654293655,3.32536483398574,0,2
4.5,4,UGV,20.6039344022065,-0.742578008226971,23.1794909934723,31.0678369938648,0.502129100156295,0,1
4.5,4,UGV,15,0.312036732051034,22.2756540851261,49.6049647601064,1.4,1,0
4.5,5,UGV,11.4978611686088,2.7192279906418,61.5125458935222,49.7131855275516,3.19317764372822,0,2
4.5,6,UGV,31.1211014397879,2.14861806630883,23.0016355790847,31.0687276605385,0.904903779437323,0,1
4.5,6,UGV,21,-2.51114857512855,23.0369181548628,-7.37957407648486,0.7,1,0
5,1,UAV,24.5870413145745,1.02161669551071,22.8341323754411,30.9715914220701,1.02027688555225,0,1
5,1,UAV,13,2.31522203923062,1.19185589110236,19.5612027149774,0.7,1,0
5,2,UAV,40.6135266794687,1.78231787456714,61.4732802873397,49.7083568066678,3.33247058769123,0,2
5,3,UAV,42.4429055081929,-1.98602578076383,22.8785362963305,31.1637320456597,0.88371982772882,0,1
5,3,UAV,29.4030449375397,-0.7717774322794,61.0723449898118,49.4940172576555,3.32590156754469,0,2
5,3,UAV,19,-0.507963267948966,56.6010026772105,60.7584249117778,1.4,1,0
5,4,UGV,20.6013419902686,-0.75527923723591,22.9994283040646,30.8779448255139,0.830469853044532,0,1
5,5,UGV,11.537497409557,2.7471770696399,61.3483367026705,49.4334992360279,3.49129085901314,0,2
5,5,UGV,25,2.95203673205103,47.4477998386605,49.7105697359787,0.7,1,0
5,6,UGV,30.9011222767708,2.15028286165777,23.0787194096384,30.856326520722,0.791905591442499,0,1
5.5,1,UAV,24.707140375637,1.00716510993303,23.2000184391399,30.8854566324942,0.675391637815859,0,1
5.5,2,UAV,40.2050446341664,1.79379361645884,61.1085061921957,49.2095262901898,3.64673472736643,0,2
5.5,2,UAV,23,-1.32796326794897,75.5304311086161,-12.3251949992122,1.4,1,0
5.5,3,UAV,42.7008576933479,-1.97893143805314,23.0521018512204,30.8064801773796,0.804675024303101,0,1
5.5,3,UAV,29.3385486187432,-0.769051431397922,61.081820788948,49.5963908271836,3.35250449861258,0,2
5.5,4,UGV,20.3778054834459,-0.750301785066123,22.9060208796827,31.1051988911096,0.72446645646633,0,1
5.5,4,UGV,29,2.13203673205103,-7.43486513234369,69.5512716238154,0.7,1,0
5.5,5,UGV,11.584188519663,2.75300312405965,61.2794777890487,49.3890576646464,3.45144579691532,0,2
5.5,6,UGV,31.0869795991826,2.14265667229709,23.1758093098769,31.1409048853013,0.849554448043375,0,1
5.5,6,UGV,10,-0.691148575128555,47.7051439565857,-1.37422596150241,1.4,1,0
6,1,UAV,24.9749474273347,1.01575414787424,23.1612765070562,31.2256637046511,0.742280552028451,0,1
6,1,UAV,27,-2.14796326794897,-4.73260380486358,-12.6263206272898,1.4,1,0
6,2,UAV,40.4363599104833,1.80219326034911,60.7264284153467,49.3586086247272,3.41006726248732,0,2
6,3,UAV,42.1715097127067,-1.98080870060249,23.1895642806594,31.3238383190002,1.00052033910652,0,1
6,3,UAV,29.614249814188,-0.781510970017823,61.0216779782587,49.1411206668353,3.45015372935178,0,2
6,3,UAV,8,1.31203673205103,42.0470531137478,77.7336649493947,0.7,1,0
6,4,UGV,20.2988087727918,-0.737441058901849,23.0250077859396,31.3511620045213,0.889866270816886,0,1
6,5,UGV,11.9436706037633,2.74957729087131,60.9623647288867,49.563099288102,3.65626759372085,0,2
6,5,UGV,14,-1.51114857512855,72.8345734360563,31.0248975968035,1.4,1,0
6,6,UGV,31.0858397461181,2.13736069252648,23.3150981036841,31.2286766999719,0.763072169084769,0,1
6.5,1,UAV,24.9391476533448,1.00870811258524,23.2914256969255,31.1021109991026,1.06818424480742,0,1
6.5,2,UAV,40.3542831320989,1.78442467683253,61.4446031043697,49.4369541301537,3.57996088546325,0,2
6.5,2,UAV,12,0.492036732051034,80.5764698843468,15.6690638367816,0.7,1,0
6.5,3,UAV,42.1310486285045,-1.96904048356406,23.6615581018034,31.1659868816437,0.670168127533158,0,1
6.5,3,UAV,29.4991823347143,-0.771084899762587,61.1554864114153,49.4416159897441,3.4728475047894,0,2
6.5,4,UGV,20.4452825949804,-0.739905643411957,23.0994991040956,31.2154177722347,0.874145428878513,0,1
6.5,4,UGV,18,-2.33114857512855,-4.40518104355465,31.9573207017641,1.4,1,0
6.5,5,UGV,11.7824529701051,2.77315814380848,61.0082402507924,49.2435145349625,3.32768797155834,0,2
6.5,6,UGV,31.2266923898389,2.13958980099006,23.1808075690923,31.3100947087182,0.81594916721324,0,1
6.5,6,UGV,24,1.12885142487145,50.2647594788408,26.6941170099534,0.7,1,0
7,1,UAV,25.1677316247967,1.01389250747545,23.3026663234761,31.3647790492681,0.924523514459456,0,1
7,1,UAV,16,-0.327963267948965,25.1472059147448,4.84615163432991,0.7,1,0
7,2,UAV,40.4593315741107,1.80489982393766,60.6146071746214,49.3557100423454,3.54097464289021,0,2
7,3,UAV,42.116017042939,-1.97594255103645,23.3998391661589,31.2934947088769,0.824401370200299,0,1
7,3,UAV,29.4603315464559,-0.776664153015727,61.0127467690632,49.3511354296095,3.54653318164358,0,2
7,3,UAV,22,3.13203673205103,18.0010044643574,70.2102270743154,1.4,1,0
7,4,UGV,20.5867967588954,-0.727949592159798,23.3688711575885,31.302773998597,0.891909011167251,0,1
7,5,UGV,11.7123058282,2.75079209814292,61.1707504783464,49.4615538337056,3.39772829154231,0,2
7,5,UGV,28,0.308851424871449,98.6751330832075,53.5110090467093,0.7,1,0
7,6,UGV,31.2417432200519,2.12595716256725,23.5331023653203,31.5497231947272,0.886823916753074,0,1
7.5,1,UAV,25.2452949202384,1.00867209508964,23.4553575623759,31.3606710680734,0.795404043833531,0,1
7.5,2,UAV,40.4609144407409,1.79869078574392,60.8587900121001,49.4147672495738,3.45270781932181,0,2
7.5,2,UAV,26,2.31203673205103,52.444711783466,29.1784216147842,1.4,1,0
7.5,3,UAV,41.9238268128539,-1.96951319586807,23.723653618306,31.3646819205888,0.759034293251396,0,1
7.5,3,UAV,29.5211900097679,-0.796301047498325,60.6458037407839,48.8990178548519,3.50391209986215,0,2
7.5,4,UGV,20.5645148764976,-0.720089950526086,23.4593003161414,31.4386834768507,0.599875238960895,0,1
7.5,4,UGV,32,-0.511148575128551,35.9098631632606,29.3462612067254,0.7,1,0
7.5,5,UGV,11.8805142974784,2.76585584582149,60.9483001178821,49.3596501795654,3.68582383530008,0,2
7.5,6,UGV,31.088508010402,2.12884976047273,23.5375172419196,31.3719925631859,0.774958802903772,0,1
7.5,6,UGV,13,2.94885142487145,27.2407230697692,7.49015104314591,1.4,1,0
8,1,UAV,25.4740431966276,1.00643555245646,23.6254498442135,31.5238006245754,0.664286640780376,0,1
8,1,UAV,30,1.49203673205103,12.3603458419552,39.9070019812479,1.4,1,0
8,2,UAV,40.1963661476858,1.79953786080002,60.8853928886066,49.1493523405402,3.53010971644369,0,2
8,3,UAV,42.0194538875557,-1.97320240513921,23.5437801781737,31.3370030367,0.69558104261837,0,1
8,3,UAV,29.0918198388306,-0.784278559344786,60.5940415880728,49.4520212039308,3.6665361758264,0,2
8,3,UAV,11,-1.33114857512855,42.6109650545464,59.314361905626,0.7,1,0
8,4,UGV,20.7136967737675,-0.707684374464102,23.7397011152506,31.5345240396721,0.765726278059595,0,1
8,5,UGV,11.9544411050116,2.7892563039232,60.7799319202215,49.125376881974,3.57042246985248,0,2
8,5,UGV,17,2.12885142487145,62.9978647742432,59.4208724208069,1.4,1,0
8,6,UGV,31.2325755080132,2.11817497038497,23.7449853057729,31.6692382747278,0.820415589917013,0,1
8.5,1,UAV,25.4450905132269,1.01883251125727,23.342398370519,31.6664034151652,0.893645848078855,0,1
8.5,2,UAV,40.3061305653054,1.79984946407237,60.8482716510396,49.2534078695631,3.50427650277843,0,2
8.5,2,UAV,15,-2.15114857512855,61.7752218195808,-2.54404336260445,0.7,1,0
8.5,3,UAV,41.8270247233137,-1.97079146177006,23.7119767949913,31.474679790068,0.756629723764914,0,1
8.5,3,UAV,29.3382216546665,-0.78695157793566,60.7130044813189,49.2225435816796,3.54706832499946,0,2
8.5,4,UGV,20.5336258451258,-0.716278821084586,23.4875736710691,31.5179804134979,0.876802638078427,0,1
8.5,4,UGV,21,1.30885142487145,13.4381515624649,65.2836512389575,1.4,1,0
8.5,5,UGV,12.1388999394244,2.78892647896024,60.6081868396894,49.1927896035852,3.63988377774543,0,2
8.5,6,UGV,31.1488493622313,2.11850269672366,23.7798447231188,31.5924308664108,0.557543843774673,0,1
8.5,6,UGV,27,-1.51433388230814,41.5236761180797,-21.9569733294966,0.7,1,0
9,1,UAV,25.7162712429614,0.992751298204011,24.0510524973547,31.5382109368012,0.599634822390521,0,1
9,1,UAV,19,-2.97114857512855,-8.7246812503733,6.77721982258821,0.7,1,0
9,2,UAV,40.4922258809297,1.80248235543099,60.702222544179,49.4102993032819,3.61653954263198,0,2
9,3,UAV,41.5732750262069,-1.96356267436849,24.0880128596411,31.5923723506685,0.68772872790965,0,1
9,3,UAV,29.2617141545511,-0.799922903680136,60.3884508520456,49.0105029332197,3.43767266783434,0,2
9,3,UAV,25,0.488851424871445,62.0718206420909,81.7403038096708,1.4,1,0
9,4,UGV,20.7186325352411,-0.692572884775051,23.9451782600753,31.7707511783633,0.69004298943718,0,1
9,5,UGV,12.1335849079425,2.77686780225936,60.6645387690311,49.3279557991563,3.58176399248595,0,2
9,5,UGV,31,-2.33433388230814,50.5640804220371,22.6057741404819,0.7,1,0
9,6,UGV,31.1692311676279,2.10948629541491,24.0098127019799,31.7550907633531,0.836536711933698,0,1
9.5,1,UAV,25.8654104934502,1.00809130263165,23.7985782448178,31.8773558369453,0.756370743881838,0,1
9.5,2,UAV,40.3292994581964,1.81679972965769,60.1786201775557,49.1151235863083,3.42955979316875,0,2
9.5,2,UAV,29,-0.331148575128552,97.4244164229546,0.57124696153422,1.4,1,0
9.5,3,UAV,41.4108075871207,-1.95548803533363,24.4596256528178,31.6157356437957,0.794561829563446,0,1
9.5,3,UAV,29.3490686699739,-0.797398780914735,60.5023891882559,48.999526925135,3.43525185405278,0,2
9.5,4,UGV,20.7002413922936,-0.691208290706826,23.9490460227236,31.8042459607543,0.859115407789475,0,1
9.5,4,UGV,10,3.12885142487145,-1.99918831643448,45.1274088398828,0.7,1,0
9.5,5,UGV,11.9268233990217,2.78393144299126,60.8279279486348,49.1753948879783,3.52936103492441,0,2
9.5,6,UGV,31.1654530583102,2.11275109554465,23.9244968450748,31.699506786563,0.712516322645471,0,1
9.5,6,UGV,16,0.30566611769186,55.2583473658998,9.81485572593199,1.4,1,0
10,1,UAV,26.0307162951674,1.0061546968151,23.9293774585864,31.9902395270202,0.905464636612663,0,1
10,1,UAV,8,-1.15114857512855,13.2595103496903,2.69413986718457,1.4,1,0
10,2,UAV,40.1878595063167,1.79764100345454,60.9615831571582,49.1582822998467,3.34003720556363,0,2
10,3,UAV,41.2489236849913,-1.95692216406508,24.465559530031,31.7880272106343,0.92707146654707,0,1
10,3,UAV,29.3400567433761,-0.793162022143367,60.584856122148,49.0930004989957,3.68132031344331,0,2
10,3,UAV,14,2.30885142487145,30.5800945635432,80.3569001910905,0.7,1,0
10,4,UGV,20.5739829570074,-0.689076284225916,23.8796926758636,31.9185576011147,0.975997189710541,0,1
10,5,UGV,12.2046188147319,2.78591916705118,60.559241686016,49.2499140713564,3.5705160528825,0,2
10,5,UGV,20,-0.51433388230814,89.4124123074122,35.1608995514488,1.4,1,0
10,6,UGV,31.1375330096752,2.11609534411185,23.8497785150622,31.6217262384705,0.903934956825624,0,1
10.5,1,UAV,25.9771513814489,1.00232885220521,23.9845703511751,31.8916464887351,0.618089542832149,0,1
10.5,2,UAV,40.2231030736248,1.79657839090233,60.9953084047963,49.2022135873309,3.48847056495712,0,2
10.5,2,UAV,18,1.48885142487145,71.4733580168527,27.939599107956,0.7,1,0
10.5,3,UAV,41.5165852910565,-1.95798050867093,24.3240624543973,31.556641193882,0.54336807978048,0,1
10.5,3,UAV,29.2311628123436,-0.808074845731538,60.1955624752205,48.8670840707865,3.50894801719174,0,2
10.5,4,UGV,20.8945339663343,-0.689899693859147,24.1161600621826,31.7014687081465,0.881163457189139,0,1
10.5,4,UGV,24,-1.33433388230814,13.6223596219162,21.6678532431787,1.4,1,0
10.5,5,UGV,12.4951675965083,2.80376480290425,60.2110989525738,49.1413796443726,3.61652220824379,0,2
10.5,6,UGV,31.3117134020786,2.09344306364076,24.3699665767188,32.131631933244,0.879966080626715,0,1
10.5,6,UGV,30,2.12566611769186,24.1950210711217,30.4990713763798,0.7,1,0
11,1,UAV,26.1469228376688,1.00487537085181,24.0198079195351,32.0704907008962,0.803952884112173,0,1
11,1,UAV,22,0.668851424871448,27.2597567508404,23.6418765901843,0.7,1,0
11,2,UAV,39.9982455347599,1.81651056130652,60.2704600353934,48.7968516497933,3.58208284829829,0,2
11,3,UAV,41.0897474809957,-1.96139369409634,24.3554543020343,32.0050590478646,0.7554927687519,0,1
11,3,UAV,29.0534075688288,-0.796289621185429,60.3188948478238,49.2336087987451,3.41652054214512,0,2
11,3,UAV,28,-2.15433388230814,24.5725730307835,46.6334748601875,1.4,1,0
11,4,UGV,20.8003678636393,-0.689351468449183,24.0507841434188,31.7701991079195,0.706681460659036,0,1
11,5,UGV,12.4385782078679,2.80446446618123,60.2616081535098,49.1144118281349,3.53637410432828,0,2
11,5,UGV,9,1.30566611769186,74.3583143678202,53.6855255075633,0.7,1,0
11,6,UGV,31.2414720987209,2.10092398034516,24.2029534066786,31.9533466905983,0.782912455905219,0,1
11.5,1,UAV,26.2628980030282,0.997593384734528,24.2430481197637,32.0652530412765,0.846590114232476,0,1
11.5,2,UAV,40.1523633804063,1.81383623271855,60.3371611119779,48.9723213275309,3.43967859197064,0,2
11.5,2,UAV,32,-2.97433388230814,38.4465654131852,4.67263988681087,1.4,1,0
11.5,3,UAV,41.0689460686531,-1.96401695231702,24.263808081782,32.0654432594376,0.704327896237,0,1
11.5,3,UAV,29.2750341016973,-0.793172268695991,60.5390227687372,49.1391235716034,3.49730217260245,0,2
11.5,4,UGV,20.7969395296847,-0.678668016606892,24.1885367689334,31.9445807772306,0.87431408572728,0,1
11.5,4,UGV,13,0.48566611769186,19.4967346419171,51.0683681969162,0.7,1,0
11.5,5,UGV,12.5547216339421,2.81670477935644,60.1020595049839,49.0074988812014,3.49952601269039,0,2
11.5,6,UGV,31.3271499633346,2.10805595895653,23.9672775735446,31.9136050432024,0.898005785716662,0,1
11.5,6,UGV,19,-2.33751918948773,26.8182025551622,-8.68357468365878,1.4,1,0
12,1,UAV,26.415603182191,1.00059465742449,24.2591907639275,32.2364468887659,0.76208707234121,0,1
12,1,UAV,11,2.48885142487145,1.26135959221591,16.6810301468743,1.4,1,0
12,2,UAV,40.2276820706943,1.82188346577552,60.0051445480121,48.9662580866412,3.36541712474899,0,2
12,3,UAV,41.1146445690795,-1.9770082894721,23.7542722881829,32.2310930902782,0.625470486483462,0,1
12,3,UAV,29.1501058447361,-0.792365312096912,60.4681298841937,49.2446553918492,3.37926813670319,0,2
12,3,UAV,17,-0.33433388230814,56.0586946839109,64.4216198543905,0.7,1,0
12,4,UGV,20.9303019478958,-0.662275584373896,24.5055312170474,32.1296861392908,0.903575481012765,0,1
12,5,UGV,12.5428725643266,2.83302580699805,60.0495299716432,48.8091886624691,3.4679172935782,0,2
12,5,UGV,23,3.12566611769186,49.0029169656164,45.3662948398023,1.4,1,0
12,6,UGV,31.1482421764374,2.09691115368462,24.3580573706424,31.9358983785927,0.788754143731156,0,1
12.5,1,UAV,26.4020879049427,0.993683230063746,24.4051605357812,32.1260388610048,0.793631266174111,0,1
12.5,2,UAV,40.0473065863035,1.82252194002572,60.0251947589402,48.785177906261,3.73993162428251,0,2
12.5,2,UAV,21,-1.15433388230814,78.4950839168925,-9.20503968350378,0.7,1,0
12.5,3,UAV,41.0372560399777,-1.95581569416581,24.5873469456883,31.9670339163759,0.70537756067489,0,1
12.5,3,UAV,29.1462774586414,-0.816778481360374,59.9527564357044,48.7539886022443,3.72493260840541,0,2
12.5,4,UGV,20.59744689231,-0.673906205012828,24.094638894014,32.1463072483888,0.854826350565098,0,1
12.5,4,UGV,27,2.30566611769186,-10.1032450345846,65.0317877189678,1.4,1,0
12.5,5,UGV,12.3812851610432,2.82761765439062,60.223993259995,48.8238576723549,3.49040298335546,0,2
12.5,6,UGV,31.1809865076694,2.08256047262303,24.7301678016184,32.186138825231,0.801531995663285,0,1
12.5,6,UGV,8,-0.517519189487725,46.9523933873738,1.04219427116481,0.7,1,0
13,1,UAV,26.6767166223921,0.987284356955213,24.6977553109452,32.2625964022842,0.904874317466113,0,1
13,1,UAV,25,-1.97433388230814,0.183144918403132,-12.9919411165505,0.7,1,0
13,2,UAV,40.4128923460006,1.81572632734406,60.2003417848298,49.206741341704,3.60150828193166,0,2
13,3,UAV,40.9553021741352,-1.9535965883226,24.7023953712151,32.0089475166047,0.636293160471431,0,1
13,3,UAV,29.0182875926466,-0.824430400921815,59.7026991675136,48.6959003869207,3.52623625293347,0,2
13,3,UAV,31,1.48566611769186,42.6358500537325,100.887736959742,1.4,1,0
13,4,UGV,21.1353663829962,-0.672278443791302,24.5364110702831,31.8375222295305,0.864009873451954,0,1
13,5,UGV,12.5285325358592,2.81598971835565,60.1297412240021,49.0076282378643,3.53952579847122,0,2
13,5,UGV,12,-1.33751918948773,74.7740055851483,33.3250313484975,0.7,1,0
13,6,UGV,31.3449682301405,2.08808526101762,24.4991107839024,32.243888614858,0.913951586174949,0,1
13.5,1,UAV,26.5057607904154,0.986615547926316,24.6183565368665,32.1101562011618,0.891147304570384,0,1
13.5,2,UAV,40.181768609253,1.80820949357785,60.5496842133371,49.0546547814713,3.53065041315928,0,2
13.5,2,UAV,10,0.665666117691863,77.8650557657108,16.1758317498341,1.4,1,0
13.5,3,UAV,40.5605726594021,-1.94452624956809,25.1917235958713,32.2392398858609,0.771882719597473,0,1
13.5,3,UAV,28.8586309592368,-0.81355685152828,59.8235100298434,49.0274219291447,3.48714892090056,0,2
13.5,4,UGV,21.1718762011044,-0.647321930897341,24.8888410629929,32.2322519830685,0.857849700294911,0,1
13.5,4,UGV,16,-2.15751918948773,-0.85815893655446,31.6758482350755,0.7,1,0
13.5,5,UGV,12.8273454778576,2.82434795039925,59.8127578138816,49.0014897107462,3.3464339586905,0,2
13.5,6,UGV,31.1452714601349,2.08659772864926,24.6381509511433,32.0932007729917,0.738990344160439,0,1
13.5,6,UGV,22,1.30248081051228,45.8323672583261,26.2128143386022,1.4,1,0
14,1,UAV,26.8572066711438,0.978362088293936,24.9965829333079,32.2803063376819,0.809197701012541,0,1
14,1,UAV,14,-0.154333882308137,23.8335980563953,7.84789293619134,1.4,1,0
14,2,UAV,40.0242292871453,1.83190698421231,59.6675962670909,48.6675621565434,3.41707696593012,0,2
14,3,UAV,40.7055251529837,-1.96277416232318,24.4497978733627,32.381773143848,0.785864380304447,0,1
14,3,UAV,29.0898865159102,-0.807898041511385,60.1016738965295,48.9727746940753,3.557195344615,0,2
14,3,UAV,20,-2.97751918948773,20.2685976479818,66.7332338279621,0.7,1,0
14,4,UGV,21.2042894301403,-0.633253612401516,25.0929131227753,32.451924003481,0.829069408352708,0,1
14,5,UGV,12.6703842585768,2.83112580992517,59.9353734909062,48.8708428611947,3.47165981531824,0,2
14,5,UGV,26,0.482480810512275,95.0320118041707,57.0634336841771,1.4,1,0
14,6,UGV,31.0989240394818,2.08014201366924,24.8359751141552,32.151342981056,0.616331780164059,0,1
14.5,1,UAV,26.9242705181764,0.987341870230295,24.8328548543507,32.4700413841566,0.848438695846164,0,1
14.5,2,UAV,40.065540067412,1.83262516692429,59.6291353675422,48.7000344659876,3.38160115863301,0,2
14.5,2,UAV,24,2.48566611769186,50.98040368306,24.637450459033,0.7,1,0
14.5,3,UAV,40.8341106631014,-1.95648849313516,24.6381852971486,32.1656341049348,0.890663423334646,0,1
14.5,3,UAV,28.9610419685693,-0.823447156103456,59.6847271190545,48.7572725349688,3.38435387570551,0,2
14.5,4,UGV,21.1013738252703,-0.642912713352891,24.8885457088775,32.3491106576274,0.646200240342698,0,1
14.5,4,UGV,30,-0.337519189487725,36.3073724573196,35.0655818206307,1.4,1,0
14.5,5,UGV,12.6110230162141,2.83315196648229,59.9841151993174,48.828369623248,3.48240324081296,0,2
14.5,6,UGV,30.9148828514396,2.07180796852153,25.1511770206343,32.115354282135,0.80779641806834,0,1
14.5,6,UGV,11,3.12248081051228,29.0020088828534,5.21021747587892,0.7,1,0
15,1,UAV,27.0329796962164,0.974581114704321,25.1794159291011,32.3688918658793,0.874109567507687,0,1
15,1,UAV,28,1.66566611769186,7.34762871607186,37.8740905963261,0.7,1,0
15,2,UAV,40.1809687809878,1.83256977124282,59.6014069413895,48.8121052582843,3.32090640983338,0,2
15,3,UAV,40.4203776275993,-1.95320164704765,24.9170095674984,32.4991956463492,0.804114502562852,0,1
15,3,UAV,28.9346422051565,-0.821747333659178,59.7028308042846,48.8100972669018,3.53364460053325,0,2
15,3,UAV,9,-1.15751918948773,43.6145144171091,61.7577135739826,1.4,1,0
15,4,UGV,20.9674173015784,-0.647739778705441,24.7204589416973,32.3485636753157,0.778839125774124,0,1
15,5,UGV,13.1086287611383,2.85008735475541,59.4443935272881,48.7673457632313,3.65847386194065,0,2
15,5,UGV,15,2.30248081051228,61.9781411633815,56.1607502193576,0.7,1,0
15,6,UGV,31.1293551555474,2.07664541786965,24.9162594829851,32.2308193856808,0.79914748268312,0,1
15.5,1,UAV,27.0933824401161,0.957502152029082,25.5939867000891,32.1557882018184,1.02343971853766,0,1
15.5,2,UAV,40.0518335457154,1.84063062109419,59.3233134141766,48.6025612352573,3.58996848197908,0,2
15.5,2,UAV,13,-1.97751918948773,64.8571783934244,-1.93948851178051,1.4,1,0
15.5,3,UAV,40.466317470732,-1.94508270792884,25.2051740884264,32.3352157063352,0.902244625810548,0,1
15.5,3,UAV,28.8023476567183,-0.826934422926113,59.5030710808406,48.8055325862114,3.59078708914674,0,2
15.5,4,UGV,20.9981763069952,-0.636414398885071,24.8874032668754,32.5204559730101,0.750143768088403,0,1
15.5,4,UGV,19,1.48248081051227,9.67581436998236,63.9259516589618,0.7,1,0
15.5,5,UGV,12.6340749309365,2.83927648873908,59.9388872689876,48.7615700246477,3.40415963131022,0,2
15.5,6,UGV,30.9782222056727,2.07290264896707,25.0910197577475,32.1546047505788,0.934941830252586,0,1
15.5,6,UGV,25,-1.34070449666731,45.7016733620775,-19.3411363923744,1.4,1,0
16,1,UAV,26.9172897571806,0.967039116573133,25.2820070154429,32.158536717301,0.842608026947526,0,1
16,1,UAV,17,-2.79751918948772,-6.00360279969052,4.26548193570396,1.4,1,0
16,2,UAV,39.9761556064577,1.83189596027767,59.6804324239647,48.6212317529537,3.56522313644794,0,2
16,3,UAV,40.3677539429784,-1.95204191873111,24.9800905039502,32.5305741019252,0.668779217616158,0,1
16,3,UAV,28.9021058702037,-0.826871364850585,59.5719619082532,48.7333587326454,3.51997538649152,0,2
16,3,UAV,23,0.662480810512275,58.1347818331615,84.1467200390634,0.7,1,0
16,4,UGV,21.1121438278093,-0.629119725138754,25.0701353160079,32.5769127307546,0.820538949670405,0,1
16,5,UGV,12.9193827208569,2.84587431283208,59.6414083410369,48.7650580466953,3.45352315107252,0,2
16,5,UGV,29,-2.16070449666731,55.8677432598241,20.901238777293,1.4,1,0
16,6,UGV,31.1865039532616,2.06176660052901,25.2961318878312,32.5026233542683,0.882663234117901,0,1
16.5,1,UAV,27.1587179869054,0.96863442572353,25.3833889604212,32.3818521750246,0.75871376379776,0,1
16.5,2,UAV,39.8308770484051,1.84828492058952,59.0886825807381,48.3072045263196,3.43817773014171,0,2
16.5,2,UAV,27,-0.157519189487726,96.6657260503819,5.76454793369297,0.7,1,0
16.5,3,UAV,40.3628096740132,-1.94321941122718,25.3130441408328,32.4041261257105,0.9951709501895,0,1
16.5,3,UAV,28.9900472200712,-0.827327851026954,59.6217746231282,48.6596907599464,3.52843340517219,0,2
16.5,4,UGV,21.695523288886,-0.623719381979545,25.6105109683457,32.3285504297113,0.689369441469804,0,1
16.5,4,UGV,8,-2.98070449666731,0.10331684437985,43.7184403487371,1.4,1,0
16.5,5,UGV,12.9488259833466,2.85561682262307,59.5770668405276,48.6527833308688,3.47532874668616,0,2
16.5,6,UGV,30.9862180018249,2.06953248941248,25.1787950854892,32.2117178976025,0.568767389478085,0,1
16.5,6,UGV,14,0.47929550333269,52.4224803433906,11.4561584644489,0.7,1,0
17,1,UAV,27.3075210382289,0.966987167697905,25.5047244827309,32.4789729295606,0.701998272463942,0,1
17,1,UAV,31,-0.977519189487726,27.331515252745,-15.7025014160853,0.7,1,0
17,2,UAV,40.3068815173588,1.83396881646553,59.5143616620676,48.9190966788861,3.48257318984133,0,2
17,3,UAV,40.4751967382589,-1.95454355055969,24.8461765486862,32.4686373041536,0.81353771942368,0,1
17,3,UAV,29.028174354152,-0.821949541155247,59.7622218181472,48.7376037299322,3.62121535600847,0,2
17,3,UAV,12,2.48248081051227,30.5135624341569,77.348979678116,1.4,1,0
17,4,UGV,21.3921781754294,-0.636662404148728,25.2011185439232,32.2820281519725,0.787683887252618,0,1
17,5,UGV,13.0654215132103,2.84310120977477,59.5123156072402,48.8422620713172,3.53931717435938,0,2
17,5,UGV,18,-0.340704496667311,88.9653508389159,38.9852788167285,0.7,1,0
17,6,UGV,30.9699701415729,2.05014185781797,25.7166941808255,32.4795601392354,0.733968366537353,0,1
17.5,1,UAV,27.2165800270774,0.964903122033349,25.4997473958355,32.3718586406136,0.746848955284466,0,1
17.5,2,UAV,40.3247997542085,1.83305853435606,59.5451477680747,48.9459309816266,3.45275037706122,0,2
17.5,2,UAV,16,1.66248081051227,68.5351026071656,25.9327987380895,1.4,1,0
17.5,3,UAV,40.3158126548483,-1.93611243348779,25.5973952708188,32.3445923267881,0.834359865886575,0,1
17.5,3,UAV,28.6298303800305,-0.836402808648029,59.1859122329286,48.7498715443958,3.37366486493664,0,2
17.5,4,UGV,21.6714776095647,-0.619218699876188,25.6477814116878,32.4218939014194,0.791946986350593,0,1
17.5,4,UGV,22,-1.16070449666731,16.7712580037673,24.8241472787059,0.7,1,0
17.5,5,UGV,13.0895880644398,2.85493584241509,59.4445389784262,48.7010423170328,3.38067417553695,0,2
17.5,6,UGV,31.1730157142708,2.05203582184176,25.570689152842,32.632442838053,0.901297970258786,0,1
17.5,6,UGV,28,2.29929550333269,21.3589857439418,25.8928836570119,1.4,1,0
18,1,UAV,27.5458750101931,0.960631014755248,25.7838676400097,32.5753128970527,0.87347359852845,0,1
18,1,UAV,20,0.842480810512274,23.3122691066752,24.9259335128983,1.4,1,0
18,2,UAV,40.3020498343475,1.84329551595349,59.1531366565458,48.8149555771826,3.44485757259565,0,2
18,3,UAV,40.3301441368353,-1.94909010895798,25.1046490302175,32.5213521377183,0.891168837804336,0,1
18,3,UAV,28.9280016814601,-0.817653037785708,59.7848814630634,48.8957884114311,3.45793572036165,0,2
18,3,UAV,26,-1.98070449666731,29.6383472184763,46.1539069943283,0.7,1,0
18,4,UGV,21.5314518028729,-0.633663615763433,25.351415209949,32.2512037057851,0.748528146954759,0,1
18,5,UGV,13.2103312767294,2.86433481007152,59.2941761030322,48.6159219488504,3.48720017446254,0,2
18,5,UGV,32,1.47929550333269,74.9239422925255,76.8661350256033,1.4,1,0
18,6,UGV,30.9958413725087,2.06130158403241,25.3987383840089,32.341275420344,0.89968878643151,0,1
18.5,1,UAV,27.3882528342332,0.95668304089734,25.7820438812,32.3840006308918,0.622965388652151,0,1
18.5,2,UAV,40.2578724391939,1.84254288636832,59.1942108549509,48.7805520110679,3.60300732756373,0,2
18.5,2,UAV,30,-2.80070449666731,41.7262568540584,-0.0297282374610397,0.7,1,0
18.5,3,UAV,40.1084917852738,-1.95078862952165,25.1232261029379,32.7525475810081,0.929263238582603,0,1
18.5,3,UAV,28.6837283027914,-0.838861638124452,59.1696243702282,48.6626672038722,3.52409134622435,0,2
18.5,4,UGV,21.665068511141,-0.613165298498366,25.7183563758032,32.5326409800445,0.716039795807796,0,1
18.5,4,UGV,11,0.659295503332689,16.694663716176,51.7381616827302,1.4,1,0
18.5,5,UGV,13.3805529497555,2.85676712278124,59.1585402777504,48.7598017824148,3.59008178889868,0,2
18.5,6,UGV,31.0563143289733,2.0459001971153,25.7938847997752,32.6166788484412,0.872892003074952,0,1
18.5,6,UGV,17,-2.1638898038469,30.4982095047593,-9.09666547040661,0.7,1,0
19,1,UAV,27.5397881743165,0.956069087454148,25.8831794832022,32.4981008574192,0.699757485539508,0,1
19,1,UAV,9,2.66248081051227,2.01335765269664,14.1489208254992,0.7,1,0
19,2,UAV,40.1299908878111,1.84997191075432,58.9416494802876,48.5762757720205,3.38371935782366,0,2
19,3,UAV,40.1855407565297,-1.94519872064403,25.3034892394745,32.5982586319772,0.993528706377597,0,1
19,3,UAV,28.4474034420678,-0.837378941210962,59.0430413201126,48.8666770271153,3.53096345679231,0,2
19,3,UAV,15,-0.160704496667311,54.8067219887679,67.5997950197248,1.4,1,0
19,4,UGV,21.9230271727619,-0.61063121899353,25.9612347157299,32.4296711298345,0.721944973636324,0,1
19,5,UGV,13.2581888680937,2.86353486144331,59.2510533210981,48.6392211585116,3.23463910104057,0,2
19,5,UGV,21,-2.9838898038469,51.2605962205412,41.7019504441912,0.7,1,0
19,6,UGV,31.0462288356989,2.05184472664596,25.6346352537353,32.522801830943,0.811909295016508,0,1
19.5,1,UAV,27.5928371398649,0.944797972963959,26.1668256511537,32.3606442168446,0.789873673158615,0,1
19.5,2,UAV,40.3434367741621,1.85586946839585,58.6543104166051,48.7152194702298,3.3558322091713,0,2
19.5,2,UAV,19,-0.980704496667311,80.572309193153,-5.78690211296607,1.4,1,0
19.5,3,UAV,40.082343667034,-1.94397513665521,25.3868877168021,32.6763985762244,0.646638294274707,0,1
19.5,3,UAV,28.6124035943833,-0.843749054483234,59.0177042660358,48.6225220407672,3.45957386339309,0,2
19.5,4,UGV,21.8405847415936,-0.60125857944326,26.0102772101707,32.6452010672961,1.0318547972828,0,1
19.5,4,UGV,25,2.47929550333269,-11.7145431712023,60.3732490889467,0.7,1,0
19.5,5,UGV,13.4039303710762,2.86376411917832,59.1100665437981,48.6762705133526,3.4271842657242,0,2
19.5,6,UGV,30.8728862784967,2.03646343140733,26.1374882754135,32.5856099416107,0.778222966137781,0,1
19.5,6,UGV,31,-0.343889803846896,69.184960453977,-5.45170241155938,1.4,1,0
20,1,UAV,27.6257163349774,0.959173687939616,25.8625951013837,32.617654159311,0.899163127803672,0,1
20,1,UAV,23,-1.80070449666731,4.75857345470974,-12.3948085004165,1.4,1,0
20,2,UAV,40.2309740186093,1.84621520792441,59.0591844079574,48.7147236160473,3.62237178806512,0,2
20,3,UAV,40.0345611590218,-1.92843966297562,25.9851947401326,32.4986490813537,0.692883229671347,0,1
20,3,UAV,28.5139262349442,-0.836647690646868,59.1030572823013,48.8312212964244,3.41329944976591,0,2
20,3,UAV,29,1.65929550333269,37.4368727201316,98.8865085904682,0.7,1,0
20,4,UGV,21.9289031012871,-0.591047635112162,26.2088260840111,32.7805301314714,0.774168126930278,0,1
20,5,UGV,13.4182191535442,2.86642393366263,59.0865827239381,48.6458551132549,3.59301800878243,0,2
20,5,UGV,10,-1.1638898038469,75.9577033302565,35.8165047857759,1.4,1,0
20,6,UGV,30.7146838445751,2.04195888618077,26.0579145313485,32.3680480936624,0.924970025228907,0,1
20.5,1,UAV,27.8417689010627,0.956110218430572,26.05640702487,32.7454586454503,0.773345594057248,0,1
20.5,2,UAV,40.2170887301615,1.84086100746515,59.2703311393652,48.7593657335979,3.60809944691835,0,2
20.5,2,UAV,8,0.839295503332689,75.3438980700655,15.9533816790754,0.7,1,0
20.5,3,UAV,39.8023874244408,-1.91772127091088,26.4668870828334,32.5689313610138,0.784131502882416,0,1
20.5,3,UAV,28.7444006022189,-0.850733584520624,58.954972998216,48.3909841821118,3.36511241897413,0,2
20.5,4,UGV,21.9914133397908,-0.612542312201047,25.9931316675992,32.3560499259936,0.807519666303487,0,1
20.5,4,UGV,14,-1.9838898038469,2.37977688219979,32.1776331316662,1.4,1,0
20.5,5,UGV,13.4375033065027,2.87342671966281,59.0427735107938,48.560446154583,3.59365701561479,0,2
20.5,6,UGV,30.7620080384442,2.025995656504,26.4757490978071,32.6296177333644,0.745443260363766,0,1
20.5,6,UGV,20,1.4761101961531,41.8908941975941,24.9104123295703,0.7,1,0
21,1,UAV,27.7813780549332,0.935830502529789,26.4785243958545,32.3665643397986,0.697128345655862,0,1
21,1,UAV,12,0.0192955033326889,21.9977661706157,10.2315316721932,0.7,1,0
21,2,UAV,40.0387306143475,1.86170260143532,58.5160696771474,48.3564765528347,3.43933731451862,0,2
21,3,UAV,40.0122134248485,-1.91614494477233,26.4548761531895,32.350207927132,0.849598420660098,0,1
21,3,UAV,28.5239625648497,-0.843763936066999,58.9586033328288,48.6883177559959,3.33367837819888,0,2
21,3,UAV,18,-2.8038898038469,23.0166715467203,64.0362298293764,1.4,1,0
21,4,UGV,22.0028973656267,-0.58634307535307,26.3277465709786,32.8253871473346,0.861439763298378,0,1
21,5,UGV,13.6284841038666,2.87564126104137,58.8506540706372,48.5819381065693,3.4904947804909,0,2
21,5,UGV,24,0.656110196153104,91.0169076782928,59.6409433560576,0.7,1,0
21,6,UGV,30.6582386894726,2.042670085675,26.0641114050769,32.3078488462669,0.89230921783951,0,1
21.5,1,UAV,27.5357139093957,0.936852260395228,26.3101490587234,32.1854587102073,0.892588483524198,0,1
21.5,2,UAV,40.1796654190101,1.8542876826608,58.7613721449811,48.5758831022699,3.55565590572724,0,2
21.5,2,UAV,22,2.65929550333269,50.5095002400604,20.2039413516442,1.4,1,0
21.5,3,UAV,39.901904557341,-1.91971268946747,26.3583501576132,32.5024350539818,0.815955869401301,0,1
21.5,3,UAV,28.5061284670216,-0.846240595284959,58.8939429772754,48.6547832301988,3.60665439029966,0,2
21.5,4,UGV,22.11696575554,-0.591106577825664,26.3642588356076,32.6746532847738,0.747128447408815,0,1
21.5,4,UGV,28,-0.163889803846896,35.6248027920798,40.4316008603997,0.7,1,0
21.5,5,UGV,13.6018742053162,2.87298058317156,58.8858866584617,48.6098494653566,3.44877067293872,0,2
21.5,6,UGV,30.7427445324448,2.0416682890355,26.0531380859368,32.3971053970528,0.797173027423641,0,1
21.5,6,UGV,9,-2.98707511102648,31.1072269215011,3.61486932951268,1.4,1,0
22,1,UAV,27.5996073481844,0.946939547273737,26.1228565843958,32.4007102863494,0.468440297528738,0,1
22,1,UAV,26,1.83929550333269,3.10259814174344,35.0684233171079,1.4,1,0
22,2,UAV,40.0922852575473,1.85479875539975,58.766142450885,48.4862544519304,3.37152953744497,0,2
22,3,UAV,39.8596829394962,-1.92376051506554,26.2212739287386,32.5975798658656,0.899223313008267,0,1
22,3,UAV,28.5273360685634,-0.848910520848724,58.8508995721325,48.5884963514906,3.52091927753602,0,2
22,3,UAV,32,-0.983889803846896,57.7212118085122,43.3549507030322,0.7,1,0
22,4,UGV,22.2216176057758,-0.600944487117089,26.3284335183842,32.4354143013192,0.727624790371067,0,1
22,5,UGV,13.8091402077347,2.87472281047676,58.6796883755597,48.6416550502042,3.59137184869335,0,2
22,5,UGV,13,2.4761101961531,61.7739531457416,53.026703291795,1.4,1,0
22,6,UGV,30.5809659394496,2.03838044765236,26.2162092767987,32.2983990572481,0.737390853339327,0,1
22.5,1,UAV,27.915640396326,0.939181720618798,26.4827517851554,32.5300215784616,0.880725743115481,0,1
22.5,2,UAV,40.0322060300538,1.87092927457546,58.1645898203349,48.2426540071653,3.49679175940568,0,2
22.5,2,UAV,11,-1.8038898038469,67.4591271319009,-0.702521435071167,0.7,1,0
22.5,3,UAV,39.9499636333161,-1.91618566847203,26.4744184049719,32.4093331155256,0.776236365884881,0,1
22.5,3,UAV,28.4046352261547,-0.870613367392905,58.3027429105297,48.278284959931,3.64249606281648,0,2
22.5,4,UGV,22.147729540191,-0.594948840101341,26.3422440462037,32.5869420715541,0.789852434880863,0,1
22.5,4,UGV,17,1.6561101961531,6.55142294834665,61.9381706369201,1.4,1,0
22.5,5,UGV,13.960659445178,2.8861429821683,58.4923671604691,48.5275865994563,3.4161683108421,0,2
22.5,6,UGV,30.5787484073709,2.02659221926661,26.5399353960576,32.4569939181074,0.936640562193585,0,1
22.5,6,UGV,23,-1.16707511102649,49.0353914120365,-16.1509267416654,0.7,1,0
23,1,UAV,27.9212949447922,0.930980491359706,26.6703453080874,32.3986226965679,0.752218699333785,0,1
23,1,UAV,15,-2.6238898038469,-3.03437445970989,2.57672023671055,0.7,1,0
23,2,UAV,40.0895287116025,1.86343966731824,58.4348048617956,48.3851087497959,3.47726932646653,0,2
23,3,UAV,39.9750994998648,-1.91025384988005,26.6892664413224,32.3060621299129,0.774768249260358,0,1
23,3,UAV,28.3299002895034,-0.860444856640364,58.4739356936082,48.5221753801361,3.49100940030094,0,2
23,3,UAV,21,0.836110196153104,54.0774399780313,85.5828650659924,1.4,1,0
23,4,UGV,22.4264691775243,-0.595519682152709,26.565911750622,32.4201176222286,0.865509150563109,0,1
23,5,UGV,13.8010779581109,2.89391713807008,58.6200634507228,48.3833490424682,3.60042957682264,0,2
23,5,UGV,27,-1.98707511102648,61.0822844085225,20.3058005543081,0.7,1,0
23,6,UGV,30.3719892121048,2.02856116131375,26.5772763134814,32.2449668294088,0.694952590511921,0,1
23.5,1,UAV,28.0465781453863,0.934600630181504,26.6635858505939,32.559597785979,0.814946246971317,0,1
23.5,2,UAV,40.0946600873741,1.85481030506019,58.7650324948629,48.4884043924996,3.5272603496949,0,2
23.5,2,UAV,25,0.0161101961531038,94.9967558399151,10.4027374823251,1.4,1,0
23.5,3,UAV,39.9952832186139,-1.92412718748095,26.1606393575205,32.4754110383001,0.707448742623088,0,1
23.5,3,UAV,28.3808764021866,-0.859003371544406,58.5381736646596,48.5102288859301,3.39823632528182,0,2
23.5,4,UGV,22.3653941733075,-0.602592735119695,26.4261521166773,32.3237318306811,0.696488626679717,0,1
23.5,4,UGV,31,-2.80707511102648,-21.2816333221806,34.8222816906064,0.7,1,0
23.5,5,UGV,13.7558875794313,2.87635316672327,58.7251592567763,48.6059737020672,3.40215922415908,0,2
23.5,6,UGV,30.6404332565511,2.02212232428076,26.6358949214792,32.5723928159929,0.686535343957242,0,1
23.5,6,UGV,12,0.652924888973519,49.531723513499,12.2901472455781,1.4,1,0
24,1,UAV,27.9318503007188,0.921249977053926,26.8938869404176,32.2437596926903,0.766944068436706,0,1
24,1,UAV,29,-0.803889803846896,30.1234210625465,-10.8817605756665,1.4,1,0
24,2,UAV,40.5568173143806,1.85970392837954,58.445148988225,48.8759674962273,3.61604497318108,0,2
24,3,UAV,39.8173852599018,-1.9039518682535,26.9786524549131,32.3719695300763,0.681732732097827,0,1
24,3,UAV,28.2319536303707,-0.858970288219635,58.4416056496406,48.6236021076855,3.44953145775888,0,2
24,3,UAV,10,2.6561101961531,31.1555007953357,74.6663512318183,0.7,1,0
24,4,UGV,22.5941185270206,-0.603265697621287,26.6059688843936,32.1815713175899,0.639327651799631,0,1
24,5,UGV,14.0086735689256,2.89409593208419,58.4181888380476,48.4318130371248,3.31396111639807,0,2
24,5,UGV,16,-0.167075111026481,87.7772062394806,42.3392175442375,1.4,1,0
24,6,UGV,30.5054510545543,2.0165221029289,26.8487077456875,32.5250078307613,0.858112977350688,0,1
24.5,1,UAV,27.9549837387019,0.926720460842421,26.7858413337012,32.3543429013445,0.618732014254094,0,1
24.5,2,UAV,40.1836926326135,1.88636327765928,57.5287709361268,48.1994450120517,3.47309641258548,0,2
24.5,2,UAV,14,1.8361101961531,66.3290296450943,23.5101434727172,0.7,1,0
24.5,3,UAV,39.9042169662234,-1.90611872905319,26.8685743589435,32.318277742109,0.731622527273573,0,1
24.5,3,UAV,28.2989468121415,-0.85977390448952,58.4681416152807,48.5580286364721,3.54716781614974,0,2
24.5,4,UGV,22.85357232483,-0.590793266134688,26.9798706840974,32.2701030317926,1.03941996307019,0,1
24.5,4,UGV,20,-0.987075111026481,19.0226558649786,28.3116490424532,1.4,1,0
24.5,5,UGV,14.1698517754113,2.8940106496058,58.2622180308981,48.4724697128332,3.36041836703912,0,2
24.5,6,UGV,30.4631795798291,2.00512468435488,27.1810570518914,32.6347609326741,0.649248683420862,0,1
24.5,6,UGV,26,2.47292488897351,19.5991449915031,21.118471234031,0.7,1,0
25,1,UAV,27.9590706718535,0.925468542981153,26.8162721015326,32.3365759560617,0.838982788135699,0,1
25,1,UAV,18,1.0161101961531,19.4801772978337,25.3011842156625,0.7,1,0
25,2,UAV,40.1985125855304,1.86932339323814,58.1771053425823,48.4205618908502,3.49002259855473,0,2
25,3,UAV,39.8785809559787,-1.9038854924167,26.9611412885379,32.3132731248112,1.046168189152,0,1
25,3,UAV,27.9573006731881,-0.873782776904518,57.9466483261721,48.563384717084,3.49671804112293,0,2
25,3,UAV,24,-1.80707511102648,34.3819256609109,46.6668210326911,1.4,1,0
25,4,UGV,22.8285136471961,-0.582787662547787,27.0602496163911,32.436245787939,0.860752034134362,0,1
25,5,UGV,14.1467203633022,2.88280728888242,58.3243438610513,48.620238418489,3.58741461466056,0,2
25,5,UGV,30,1.65292488897352,69.5389120277749,74.8988803468118,0.7,1,0
25,6,UGV,30.7098818683295,2.02671137149202,26.4789279546402,32.5731292223233,0.534752732773859,0,1
25.5,1,UAV,28.0642236557057,0.912940426364515,27.1590731468772,32.2073604495805,1.02690164842056,0,1
25.5,2,UAV,40.3286151036606,1.87525852692416,57.9102815923538,48.4738340304554,3.4798811476888,0,2
25.5,2,UAV,28,-2.62707511102648,45.6251530531251,-3.77921755095057,1.4,1,0
25.5,3,UAV,39.8249620818006,-1.90655965728094,26.878074390545,32.3989006395187,0.641251169264829,0,1
25.5,3,UAV,28.2628085195002,-0.872203496417599,58.1769649164546,48.3578122215912,3.46746898105746,0,2
25.5,4,UGV,22.8149885271781,-0.589862427757302,26.9596481364576,32.309237846489,0.952919081521573,0,1
25.5,4,UGV,9,0.832924888973519,14.0544305814267,51.65911933627,0.7,1,0
25.5,5,UGV,14.197750882448,2.89868073708424,58.2190711244821,48.414986009923,3.57724198326997,0,2
25.5,6,UGV,30.1743031624865,2.01136116299495,27.1321553332499,32.2929871024415,0.646031279670648,0,1
25.5,6,UGV,15,-1.99026041820607,33.8909340651472,-8.69960997268248,1.4,1,0
26,1,UAV,28.0020595020673,0.920396952299903,26.9553672421551,32.2852161317985,0.673397670538716,0,1
26,1,UAV,32,2.8361101961531,-20.5184628123714,19.6241065855437,1.4,1,0
26,2,UAV,40.3559677046832,1.8841910779261,57.5586664686958,48.390328851734,3.45150872099885,0,2
26,3,UAV,39.8959466891613,-1.89464036130094,27.3045862799451,32.1778764120648,0.72914806153344,0,1
26,3,UAV,27.9580913115922,-0.87024145934073,58.0229591746982,48.6264693516843,3.42324086300655,0,2
26,3,UAV,13,0.0129248889735187,52.9989141722086,70.1680188785618,0.7,1,0
26,4,UGV,23.1844825973267,-0.576379379951397,27.4388288761421,32.3646462166741,1.06337676859245,0,1
26,5,UGV,14.1915309363859,2.89579473114192,58.2350171676635,48.4532300739857,3.46079556176067,0,2
26,5,UGV,19,-2.81026041820607,54.0334137520102,38.8192412606911,1.4,1,0
26,6,UGV,30.1234675617163,2.01242045114955,27.1249789794879,32.2333826702293,0.901203770645436,0,1
26.5,1,UAV,28.0226152826994,0.911877541900203,27.1571920684327,32.1562119417804,0.873172609946838,0,1
26.5,2,UAV,40.2323589338921,1.86698931965278,58.2569347753307,48.4804252122387,3.68180561542635,0,2
26.5,2,UAV,17,-0.807075111026482,81.7574369830968,-2.2785453368267,0.7,1,0
26.5,3,UAV,40.2080677982967,-1.9031390957467,26.8817762838571,31.9920939460532,0.706502622691791,0,1
26.5,3,UAV,28.2435861260098,-0.866248628853219,58.2930680978146,48.4810823500333,3.31948624521961,0,2
26.5,4,UGV,23.2063431522196,-0.59132926682738,27.2659152039242,32.0632742220541,0.78599041642884,0,1
26.5,4,UGV,23,2.65292488897352,-12.3080583772575,55.7973499038377,1.4,1,0
26.5,5,UGV,14.2809889901148,2.89676971667001,58.144866423718,48.4614910254345,3.72460868040001,0,2
26.5,6,UGV,30.0683385095389,2.00700339454185,27.2959842248859,32.2527606658458,0.812923902729644,0,1
26.5,6,UGV,29,-0.170260418206073,68.5806795844597,0.086268781216674,0.7,1,0
27,1,UAV,28.0401281891175,0.89757786139994,27.4831732870166,31.9223046388443,0.940722962395617,0,1
27,1,UAV,21,-1.62707511102648,8.81876931392586,-10.9667521105744,0.7,1,0
27,2,UAV,40.3855408487599,1.88088448074006,57.6766515791584,48.4594200859217,3.25149652737265,0,2
27,3,UAV,39.9863881392826,-1.90305991420993,26.9570941287963,32.2006105491071,0.757934141821619,0,1
27,3,UAV,28.008268232705,-0.872444623353365,58.0080876369671,48.5483830666668,3.50854589514749,0,2
27,3,UAV,27,1.83292488897352,33.0033012940571,96.077695588726,1.4,1,0
27,4,UGV,23.3810519149542,-0.577008363667929,27.5956220288358,32.2451896935789,0.760776247854975,0,1
27,5,UGV,14.6594494316479,2.88074925209386,57.83643851543,48.7806062624726,3.52437185603551,0,2
27,5,UGV,8,-0.990260418206066,76.3877770047444,38.3106492873646,0.7,1,0
27,6,UGV,29.7889457387824,2.01214978566755,27.2752461400841,31.934400446876,0.89438469565918,0,1
27.5,1,UAV,28.0428557943938,0.90570495254913,27.3061165949427,32.0658126863122,0.722269833880087,0,1
27.5,2,UAV,40.4988123891743,1.88462003798356,57.4981038497597,48.5208566569092,3.5616739869214,0,2
27.5,2,UAV,31,1.01292488897352,86.4108283834089,36.2998994631215,1.4,1,0
27.5,3,UAV,40.1354836364892,-1.89469484550499,27.2262894183667,31.9514866951209,0.724106345823115,0,1
27.5,3,UAV,27.8093681198169,-0.873876711608332,57.849682819399,48.675137082027,3.36892254533386,0,2
27.5,4,UGV,23.1270616856499,-0.588358249647591,27.2383148293941,32.164571501622,0.923827893171506,0,1
27.5,4,UGV,12,-1.81026041820607,5.15381547254227,33.3424173330977,0.7,1,0
27.5,5,UGV,14.5739009537517,2.89820972978613,57.8556168514929,48.5121239098294,3.5426126759934,0,2
27.5,6,UGV,29.9168507127237,1.99367457060465,27.7225177837392,32.2815209802679,0.97707370136653,0,1
27.5,6,UGV,18,1.64973958179393,38.5804968821613,22.9439407850797,1.4,1,0
28,1,UAV,28.2633698122405,0.894078017778893,27.6995930565502,32.0350284496297,0.858396636236703,0,1
28,1,UAV,10,0.192924888973518,19.8144764409732,11.9173033639937,1.4,1,0
28,2,UAV,40.244608590434,1.87681649897553,57.8756634462124,48.3748483218856,3.64819102544481,0,2
28,3,UAV,39.805831670598,-1.89979199354305,27.1390254406278,32.3290620189626,0.990537752494025,0,1
28,3,UAV,27.8520676882686,-0.870718429197076,57.9444539851046,48.6989613941395,3.41532100722888,0,2
28,3,UAV,16,-2.63026041820607,26.0465061385498,62.1705677690863,0.7,1,0
28,4,UGV,23.5680842405199,-0.589398811688406,27.5915593840408,31.8994123921923,0.729138993118267,0,1
28,5,UGV,14.6285721146472,2.90566906839382,57.7766557718332,48.4192983316039,3.50661142778445,0,2
28,5,UGV,22,0.829739581793934,86.8514939748718,61.2306231154058,1.4,1,0
28,6,UGV,29.770034920398,2.00866036184705,27.3773272566143,31.9615116782257,1.0098632643073,0,1
28.5,1,UAV,28.2584479988848,0.883047483154682,27.9384451402039,31.8346529456634,0.848940882512021,0,1
28.5,2,UAV,40.1481568165713,1.87815878718636,57.8533453529206,48.2666078540101,3.33718873080743,0,2
28.5,2,UAV,20,2.83292488897352,50.945217308999,16.0757926724609,0.7,1,0
28.5,3,UAV,40.1118395826034,-1.87363191998017,28.0375278856919,31.7134627366889,0.681345862648419,0,1
28.5,3,UAV,27.7576480808715,-0.883484518981393,57.6111625708579,48.5446048769937,3.66393738663978,0,2
28.5,4,UGV,23.6159868180103,-0.582782553890867,27.7178023241325,32.0029578405365,0.64604878556683,0,1
28.5,4,UGV,26,0.00973958179393364,33.9987668368524,45.2532251231318,1.4,1,0
28.5,5,UGV,14.7794505640949,2.89045656892519,57.6841700902442,48.6727609466811,3.36480183410302,0,2
28.5,6,UGV,29.740461218014,2.01025601933344,27.3469041545571,31.9145722423045,1.00200662125503,0,1
28.5,6,UGV,32,-2.81344572538566,9.70748179564341,-5.3132604368708,0.7,1,0
29,1,UAV,27.9517446070157,0.88233271331396,27.7591828480367,31.5849820742531,0.932936276079693,0,1
29,1,UAV,24,2.01292488897352,-0.268743652763391,31.6922314157357,0.7,1,0
29,2,UAV,40.4235516161197,1.87845005010725,57.7588042455909,48.5255324656692,3.61631026212035,0,2
29,3,UAV,40.114166422973,-1.8864135402438,27.5484321109312,31.8672738331772,0.953133300659307,0,1
29,3,UAV,27.6136799571111,-0.894141628321421,57.2913631778059,48.4703906160149,3.33169847104452,0,2
29,3,UAV,30,-0.810260418206067,60.6792937602152,48.2659987673985,1.4,1,0
29,4,UGV,23.6905835258038,-0.597419754059791,27.587132396772,31.6737855238476,0.74492444635352,0,1
29,5,UGV,14.888624648027,2.90666506079128,57.5203480301308,48.4656633912285,3.69027561775438,0,2
29,5,UGV,11,2.64973958179393,62.3039483529656,50.1948611586876,0.7,1,0
29,6,UGV,29.2911705110082,1.99098417016972,28.0511952981023,31.7431998104352,0.995731260866599,0,1
29.5,1,UAV,27.975213531102,0.890448861737134,27.5981763767546,31.7466494045264,0.757220040541443,0,1
29.5,2,UAV,40.4834264741717,1.87810716048479,57.7539030320524,48.5867973294142,3.5665743846986,0,2
29.5,2,UAV,9,-1.63026041820607,69.465138517136,1.0159072136276,1.4,1,0
29.5,3,UAV,40.071309736562,-1.8723063905716,28.100324155051,31.7363412780661,0.911206121364975,0,1
29.5,3,UAV,27.7007579691825,-0.890284829174852,57.4290584201733,48.4695584194514,3.51895589245865,0,2
29.5,4,UGV,23.9048422036638,-0.586218606895126,27.9136551601448,31.775484169736,0.595148149506343,0,1
29.5,4,UGV,15,1.82973958179393,4.15911228857521,59.4999166062507,0.7,1,0
29.5,5,UGV,14.8569461705981,2.90527565436215,57.5559752522634,48.4783614824829,3.53634458724959,0,2
29.5,6,UGV,29.3551187951587,2.00127689632433,27.7498865465657,31.676913611883,0.90240291670761,0,1
29.5,6,UGV,21,-0.993445725385651,51.4619237539232,-12.5961445737199,1.4,1,0
30,1,UAV,28.1179342664675,0.860714269638411,28.3299688160092,31.322065345963,0.745228149030822,0,1
30,1,UAV,13,-2.45026041820607,-0.0151650750764514,1.71166672249668,1.4,1,0
30,2,UAV,40.3090869939691,1.8958788411561,57.1258024560048,48.197873394805,3.48036820396414,0,2
30,3,UAV,40.0767432136923,-1.88041209305295,27.7889090936764,31.828877335167,0.600330255090088,0,1
30,3,UAV,27.4996431369311,-0.871652065804621,57.697751355134,48.9519604326101,3.50985540606601,0,2
30,3,UAV,19,1.00973958179393,50.1095434415713,86.0871728841019,0.7,1,0
30,4,UGV,23.9211194472433,-0.576253160580307,28.0581010094752,31.9657167629757,0.788670581429891,0,1
30,5,UGV,14.9022554680688,2.90580201957428,57.5100907781378,48.4813429560703,3.41807767715308,0,2
30,5,UGV,25,-1.81344572538564,65.9931187343968,20.7323800618819,1.4,1,0
30,6,UGV,29.1488379342573,1.99756870219502,27.9342805523538,31.5343770819722,0.736040463059447,0,1
30.5,1,UAV,28.1660336760921,0.868266673696093,28.1994941899481,31.496601226073,0.629881146519083,0,1
30.5,2,UAV,40.469254141829,1.87690743446751,57.8044762910545,48.5879480182673,3.28768906626796,0,2
30.5,2,UAV,23,0.189739581793933,92.587227834593,14.3378726062654,0.7,1,0
30.5,3,UAV,40.0317599868149,-1.86190191469561,28.510425600983,31.6524904619425,0.876933280726618,0,1
30.5,3,UAV,27.6011865229671,-0.886283670107281,57.4521068185718,48.6166077277534,3.42550880355195,0,2
30.5,4,UGV,24.0245310913749,-0.594648063164539,27.9006172937508,31.5410429271765,0.971371997140095,0,1
30.5,4,UGV,29,-2.63344572538565,-17.3357814488784,30.8897846092036,1.4,1,0
30.5,5,UGV,15.0388607205216,2.89151815240953,57.4289382745295,48.7217592565583,3.42165143823331,0,2
30.5,6,UGV,29.0174263225495,1.98614910384753,28.291098874361,31.5501914270801,0.723944910070389,0,1
30.5,6,UGV,10,0.826554274614342,46.7741445749408,12.3560155843908,0.7,1,0
31,1,UAV,28.3529297610129,0.878795086141278,28.0914191460907,31.8309225483806,0.985380248691938,0,1
31,1,UAV,27,-0.630260418206067,31.8125995361285,-5.91258940199507,0.7,1,0
31,2,UAV,40.5369391951593,1.88222630032624,57.5786655835921,48.5869652943556,3.54199194540794,0,2
31,3,UAV,40.1724313808679,-1.86943589467475,28.1804566679008,31.605695233913,1.04223671171131,0,1
31,3,UAV,27.5640801195111,-0.892217360888483,57.3016266704564,48.5423154233506,3.30537013446323,0,2
31,3,UAV,8,2.82973958179393,32.3858668835426,72.4545828331647,1.4,1,0
31,4,UGV,24.2612388951918,-0.585576828838642,28.2191569212035,31.5912936446011,0.936647046822764,0,1
31,5,UGV,14.9942332193168,2.91568411218414,57.3867552014476,48.3585869488291,3.48320467659147,0,2
31,5,UGV,14,0.00655427461434854,85.9996992914665,45.0917591876245,0.7,1,0
31,6,UGV,29.2608285411524,1.98998991763899,28.0901406035923,31.7273518342637,0.829628506536252,0,1
31.5,1,UAV,27.9735344041116,0.861215260695388,28.2252055298488,31.2216990472673,1.00523545878338,0,1
31.5,2,UAV,40.6696383760416,1.88902701994539,57.2750159224742,48.6276360377478,3.49574353423736,0,2
31.5,2,UAV,12,2.00973958179393,64.9002023725442,20.8624152083685,1.4,1,0
31.5,3,UAV,40.1244836820395,-1.86491789928337,28.3679420037281,31.5985753191158,0.829717784596373,0,1
31.5,3,UAV,27.4143767636775,-0.893022364497868,57.1904744824508,48.6450090047065,3.54623953285323,0,2
31.5,4,UGV,24.2381100556662,-0.59382674558626,28.0886800889887,31.4378869141694,0.699887022589435,0,1
31.5,4,UGV,18,-0.813445725385659,20.3659756995609,31.9201435406244,0.7,1,0
31.5,5,UGV,15.2277856786412,2.89360987233795,57.2380396259379,48.737643989099,3.45533326243903,0,2
31.5,6,UGV,29.0630611900777,1.9938803954267,28.0674470687497,31.5004850197333,0.777290984311078,0,1
31.5,6,UGV,24,2.64655427461435,18.8811885289586,16.4015701572464,1.4,1,0
32,1,UAV,28.0477848288313,0.859940350095431,28.3006935955244,31.2547135414042,0.909256794460478,0,1
32,1,UAV,16,1.18973958179393,15.9504259813804,24.8523543803706,1.4,1,0
32,2,UAV,40.7570540801222,1.90696940754374,56.5551928943938,48.475636696266,3.49088985342935,0,2
32,3,UAV,40.2093962643122,-1.8559413550743,28.6892324806138,31.4142243039889,0.937114490705305,0,1
32,3,UAV,27.3459418774833,-0.898853792680042,57.0230515828486,48.5986857418902,3.50700714848629,0,2
32,3,UAV,22,-1.63344572538565,38.6226146711995,48.0431602989864,0.7,1,0
32,4,UGV,24.6387705794287,-0.590113279709753,28.471803782,31.2896292691623,0.919698022894463,0,1
32,5,UGV,15.2121809736308,2.908176867806,57.2003430417429,48.5186082322999,3.36992847250167,0,2
32,5,UGV,28,1.82655427461434,64.9165943169822,72.0892112090735,1.4,1,0
32,6,UGV,28.8356128102273,1.98160354030152,28.4845121434851,31.4364541035253,0.702059524963319,0,1
32.5,1,UAV,28.2561409170631,0.858422599852961,28.4691200740432,31.3845996739593,0.869026714121502,0,1
32.5,2,UAV,40.6214899968301,1.88743362517909,57.3515732185939,48.6021080968122,3.70543377219644,0,2
32.5,2,UAV,26,-2.45344572538565,49.9169697797452,-6.51277981359685,0.7,1,0
32.5,3,UAV,40.2296385664718,-1.87329376971353,28.0153822445561,31.5969694367117,0.732815747868615,0,1
32.5,3,UAV,27.5016091673577,-0.901939415603903,57.053461931099,48.4241351747224,3.32028193812368,0,2
32.5,4,UGV,24.6734976122549,-0.584956082847934,28.571191498193,31.3762132735932,0.74631635501375,0,1
32.5,4,UGV,32,1.00655427461435,25.1128162620899,72.0398136010578,1.4,1,0
32.5,5,UGV,15.2344657833089,2.89520912108065,57.2256027126698,48.7156604391333,3.47726818334317,0,2
32.5,6,UGV,28.5525403908713,1.99034366435706,28.3692057530389,31.0762763437803,0.787280577074794,0,1
32.5,6,UGV,13,-1.81663103256524,36.8362417475512,-7.60914881029096,0.7,1,0
33,1,UAV,27.9650195369158,0.849046735202785,28.4764608645014,30.991967788243,0.720134305626005,0,1
33,1,UAV,30,3.00973958179393,-19.7395991008834,13.9441406312063,0.7,1,0
33,2,UAV,40.6740381683751,1.9003721471929,56.8361848407455,48.4849496735467,3.54003250538944,0,2
33,3,UAV,40.6033453218801,-1.85743636556277,28.5201774096469,31.0533014926571,0.687085269129776,0,1
33,3,UAV,27.410685613424,-0.893362418915245,57.1808980327836,48.6420406268515,3.42513970617641,0,2
33,3,UAV,11,0.186554274614341,50.8091407604882,72.0402146994748,1.4,1,0
33,4,UGV,24.8119619623068,-0.589033244313937,28.630604376515,31.2155297715625,0.93316627217963,0,1
33,5,UGV,15.2363656968488,2.91825478771714,57.1420508817304,48.3746388913514,3.58110417334291,0,2
33,5,UGV,17,-2.63663103256524,57.1217182891361,36.7758445216441,0.7,1,0
33,6,UGV,28.5812303110579,1.97440800182758,28.7749399201291,31.2846866501585,0.877316148442498,0,1
33.5,1,UAV,28.1742412819068,0.846215115627792,28.6745047382479,31.0962258376292,0.727293951596038,0,1
33.5,2,UAV,40.833824781514,1.89708113441142,56.9116945851358,48.6794196912857,3.56747241115021,0,2
33.5,2,UAV,15,-0.633445725385652,82.0898902663144,1.12111756196332,1.4,1,0
33.5,3,UAV,40.32167754022,-1.85560059733846,28.6708339120897,31.3026141010788,0.612637193639022,0,1
33.5,3,UAV,27.1563902242006,-0.917862542225748,56.498032165418,48.429546488822,3.25771775698487,0,2
33.5,4,UGV,25.0070225850836,-0.585608724631627,28.8402473043706,31.178449042761,0.635125862608831,0,1
33.5,4,UGV,21,2.82655427461434,-11.9664742432766,51.5069121933965,0.7,1,0
33.5,5,UGV,15.6764739165393,2.90752321438002,56.7510142030674,48.6359684570805,3.46289278517863,0,2
33.5,6,UGV,28.6135678435492,1.96832262996188,28.9225797555454,31.3823241103801,0.89330499743126,0,1
33.5,6,UGV,27,0.00336896743476345,66.9998467759336,5.09096194866958,1.4,1,0
34,1,UAV,28.3267517445725,0.836587589573282,28.9789226125563,31.028679484581,0.954229490264755,0,1
34,1,UAV,19,-1.45344572538566,12.2245474439215,-8.86932401199742,1.4,1,0
34,2,UAV,40.5773836708486,1.89341207753816,57.1350036098771,48.4839698245045,3.46331479572438,0,2
34,3,UAV,40.7059843756489,-1.86279276820804,28.2821827283034,31.0170560067906,0.709916964584194,0,1
34,3,UAV,27.2377854583106,-0.905533162980454,56.8129643094131,48.5705532548468,3.47708586815694,0,2
34,3,UAV,25,2.00655427461435,29.4475589893757,92.6637593685887,0.7,1,0
34,4,UGV,25.0306115831901,-0.602243481478015,28.6268953385828,30.820341861678,0.849903901911861,0,1
34,5,UGV,15.5365137895182,2.90987355149524,56.8787299959239,48.5679762044773,3.40548648097555,0,2
34,5,UGV,31,-0.816631032565244,93.2250966636384,22.4058575816826,1.4,1,0
34,6,UGV,28.2480493111597,1.97062396594247,29.004176142232,31.0200720132488,0.694050962182287,0,1
34.5,1,UAV,28.2373913456283,0.848241706964171,28.6734743229001,31.1813981294474,0.761946325609779,0,1
34.5,2,UAV,40.8453459155072,1.8958209364515,56.956769622786,48.7068007497954,3.39088745496626,0,2
34.5,2,UAV,29,1.18655427461434,80.8708403585268,36.885401799107,0.7,1,0
34.5,3,UAV,40.797840341996,-1.83657993572628,29.2838172027683,30.6346954434833,0.72376017791881,0,1
34.5,3,UAV,27.0029366638901,-0.894453832512729,56.9023490831352,48.941291968739,3.64695100539468,0,2
34.5,4,UGV,25.1593070281616,-0.600940430773096,28.7515031843117,30.7744650108053,0.612256246157548,0,1
34.5,4,UGV,10,-1.63663103256524,7.34212840814696,35.0216632163154,1.4,1,0
34.5,5,UGV,15.5490525833122,2.88450892875818,56.9619579290558,48.9535208246725,3.46669446912015,0,2
34.5,6,UGV,28.265578925722,1.96746493227522,29.0796566278751,31.0708467956281,0.716499399703118,0,1
34.5,6,UGV,16,1.82336896743476,36.0016671798582,20.4923637531326,0.7,1,0
35,1,UAV,28.004490576145,0.816175422557437,29.1834270743794,30.4021473897078,0.978884087726356,0,1
35,1,UAV,8,0.366554274614348,17.468542686779,12.8672059806995,0.7,1,0
35,2,UAV,40.8414337325204,1.90384287776089,56.6479679281471,48.5972272175096,3.50544831987009,0,2
35,3,UAV,40.4554357115882,-1.8584535843678,28.5225289630266,31.2068313074341,0.836971812459476,0,1
35,3,UAV,27.2685390250969,-0.912329706596911,56.6857491963771,48.4324550697389,3.60756861550101,0,2
35,3,UAV,14,-2.45663103256524,29.15779340991,61.1429939450281,1.4,1,0
35,4,UGV,25.2593540654437,-0.58969736437945,28.9932768947706,30.9530326040479,0.838132455183146,0,1
35,5,UGV,15.6563098523767,2.90125254004347,56.7936983220951,48.7267180567056,3.26635648552402,0,2
35,5,UGV,20,1.00336896743476,82.7492871337751,61.8657293383849,0.7,1,0
35,6,UGV,28.1894382435116,1.97618259506233,28.8828254996863,30.9046879852726,0.802010678856835,0,1
35.5,1,UAV,28.0994195150726,0.81152046014954,29.3435388597291,30.3814837896114,0.776712633865576,0,1
35.5,2,UAV,40.8869209187667,1.89592901236513,56.9393059347952,48.7447876849598,3.55637907167322,0,2
35.5,2,UAV,18,3.00655427461433,52.1638690293424,12.4233101323496,1.4,1,0
35.5,3,UAV,40.7796743340999,-1.8429796052948,29.0369970831438,30.7215783687754,0.89539515326986,0,1
35.5,3,UAV,27.2257887775136,-0.91155874148209,56.6761869195277,48.4791179459865,3.43446788798635,0,2
35.5,4,UGV,25.5695463992551,-0.605996722745692,29.016499777377,30.4360568467474,0.860548407976015,0,1
35.5,4,UGV,24,0.183368967434756,31.5976391803376,49.3762341247468,0.7,1,0
35.5,5,UGV,15.5786720468038,2.91419846066732,56.8223673074966,48.5120490590706,3.4152844280976,0,2
35.5,6,UGV,28.0876204361067,1.98242228019895,28.7621431718011,30.7415033685234,0.698764576626649,0,1
35.5,6,UGV,30,-2.63981633974484,13.6981129719217,-9.42950930427669,1.4,1,0
36,1,UAV,28.3462602212592,0.822339784371122,29.2898743636194,30.7704409093097,0.673458553283515,0,1
36,1,UAV,22,2.18655427461436,-2.70670341934888,27.9593899732899,1.4,1,0
36,2,UAV,40.8730084478988,1.90993125846915,56.4027182292961,48.5449964071874,3.45373449619398,0,2
36,3,UAV,40.8285546583443,-1.85385346673098,28.5968936121472,30.7961731434708,0.784563671376279,0,1
36,3,UAV,26.9486932722191,-0.911297871872734,56.5120183834587,48.7024574660721,3.68036046747027,0,2
36,3,UAV,28,-0.636631032565237,62.514887757792,53.3542849581634,0.7,1,0
36,4,UGV,25.4832985256325,-0.590911111104918,29.16218294049,30.8027989751592,0.974667490250582,0,1
36,5,UGV,16.0592241803344,2.90017486298012,56.4064935432264,48.8394319445455,3.37601876902248,0,2
36,5,UGV,9,2.82336896743477,63.4518657974803,47.8159193269186,1.4,1,0
36,6,UGV,27.8087793071066,1.97045896871693,29.1793928254398,30.6172337875348,0.873564904396622,0,1
36.5,1,UAV,28.2005535000327,0.820128711594577,29.2363616276608,30.6211932011235,0.855930871922372,0,1
36.5,2,UAV,40.9462520039846,1.88908600512237,57.1861732977957,48.8896052746707,3.58683103041393,0,2
36.5,2,UAV,32,-1.45663103256524,73.6453585970339,-21.7916869747271,0.7,1,0
36.5,3,UAV,40.7588601447833,-1.82984535046597,29.5591524347399,30.6010992231888,0.762617073368779,0,1
36.5,3,UAV,27.0544583797451,-0.919435804276584,56.4022776751083,48.484679753952,3.38064522937808,0,2
36.5,4,UGV,25.6217490408119,-0.605903399080611,29.0607687883574,30.4082885872254,0.970643420803082,0,1
36.5,4,UGV,13,2.00336896743476,2.55029778681309,56.8025736933766,1.4,1,0
36.5,5,UGV,16.1319317632271,2.89398633315641,56.3600622927846,48.9536781517769,3.44859289304636,0,2
36.5,6,UGV,27.6560686157421,1.9662006192716,29.3473990422087,30.5221516356419,0.684581746704906,0,1
36.5,6,UGV,19,-0.819816339744829,52.9647540859991,-8.88938988903287,0.7,1,0
37,1,UAV,28.2442841661701,0.801479463702774,29.6479850308039,30.2902999556111,0.898696050895474,0,1
37,1,UAV,11,-2.27663103256524,2.86463742208168,1.62822594179448,0.7,1,0
37,2,UAV,41.0620197810111,1.90912961887068,56.3708860308427,48.7341802664245,3.58145240324568,0,2
37,3,UAV,41.1075423225656,-1.84494534637607,28.8710441168649,30.4275806052656,0.775455388188131,0,1
37,3,UAV,26.8992061980682,-0.9150087326767,56.4026962509775,48.6805523105227,3.60570831451774,0,2
37,3,UAV,17,1.18336896743476,46.4227309166318,85.740029465428,1.4,1,0
37,4,UGV,25.7955670704455,-0.602878862084764,29.2479806322811,30.3734966743223,1.00851664971671,0,1
37,5,UGV,15.9316360113985,2.90423820518618,56.5150324245989,48.7460385994363,3.77049355417682,0,2
37,5,UGV,23,-1.63981633974482,70.413799782535,22.05476152074,0.7,1,0
37,6,UGV,27.5161576099543,1.96744398037775,29.3697256350906,30.3798383868494,0.737165994952,0,1
37.5,1,UAV,28.2625925782323,0.807760751313859,29.5328023423936,30.426545765159,0.792355883782175,0,1
37.5,2,UAV,41.1538904101072,1.90268592820304,56.5908241112808,48.9080544087275,3.53081872903666,0,2
37.5,2,UAV,21,0.363368967434749,89.6287990007376,17.4639299158449,1.4,1,0
37.5,3,UAV,40.8588923618553,-1.83518605796829,29.3227438883574,30.5608660469824,0.795989260555252,0,1
37.5,3,UAV,26.849175858065,-0.922327792082572,56.2160033564969,48.6009467639481,3.37827107091825,0,2
37.5,4,UGV,25.9933150352184,-0.599609730974004,29.4589349652754,30.3314439471299,0.694348784733378,0,1
37.5,4,UGV,27,-2.45981633974483,-12.9642730889606,27.9853223994258,0.7,1,0
37.5,5,UGV,44.9822254694875,-2.81293839104853,29.4253328326618,30.4811045951081,0.966354218862715,0,1
37.5,5,UGV,15.9374510573187,2.91332079633241,56.4759836579298,48.6065583061374,3.56486894907053,0,2
37.5,6,UGV,27.3243128806874,1.96420993614628,29.5254030277576,30.2368954641966,0.807210029800734,0,1
37.5,6,UGV,8,1.00018366025516,44.3211820158459,11.7325616213987,1.4,1,0
38,1,UAV,28.2941751814025,0.805566414572995,29.5994553587192,30.4064131791323,0.871265010184634,0,1
38,1,UAV,25,-0.45663103256523,32.4385764086108,-1.02317054004584,1.4,1,0
38,2,UAV,41.0924739765213,1.90400848838275,56.5594657091911,48.8322476234465,3.68932979215788,0,2
38,3,UAV,41.1292295424192,-1.83272584250874,29.3498024803494,30.2736005212474,0.638126149846283,0,1
38,3,UAV,26.6750374547423,-0.914139323051185,56.2843765316135,48.8723710703605,3.56542899259862,0,2
38,3,UAV,31,3.00336896743476,9.29566850657674,74.2713027921205,0.7,1,0
38,4,UGV,26.0408351391705,-0.583995663242119,29.7249901245542,30.6420788819035,0.858143887164113,0,1
38,5,UGV,44.9195233147758,-2.80295816703136,29.6314938074832,30.0777596239254,0.763377555487078,0,1
38,5,UGV,16.0450293224671,2.89655759628922,56.4342546203804,48.8923690389887,3.48349922707398,0,2
38,5,UGV,12,0.180183660255185,83.8057295469373,47.1505231606687,1.4,1,0
38,6,UGV,27.5342292586936,1.97011018169544,29.2950697311383,30.3680556765612,0.701880423175762,0,1
38.5,1,UAV,28.06784784033,0.794799856122322,29.6594960702687,30.0326807155459,0.786099263994234,0,1
38.5,2,UAV,41.2871997915967,1.89807958102124,56.7273345541366,49.0956419386279,3.47373777904518,0,2
38.5,2,UAV,10,2.18336896743476,64.2502577817928,18.1817152495162,0.7,1,0
38.5,3,UAV,41.1726583924698,-1.82488032262057,29.6508850811361,30.1492331378785,0.991897390078861,0,1
38.5,3,UAV,26.4414992051997,-0.914127883219377,56.1420474343695,49.0575267734411,3.56824270491914,0,2
38.5,4,UGV,26.3787634895577,-0.598981200337424,29.7864962669364,30.127618090945,0.944371405381628,0,1
38.5,4,UGV,16,-0.639816339744822,20.8352868067687,35.447230109126,1.4,1,0
38.5,5,UGV,44.8381381086891,-2.80668784811673,29.6529969969356,30.2626336914516,0.724130120168965,0,1
38.5,5,UGV,16.1515927269979,2.90523936328059,56.2974482535251,48.782038639159,3.59213184353064,0,2
38.5,6,UGV,27.2137898844021,1.95818536802932,29.7193861111382,30.1972089315569,0.611323138729981,0,1
38.5,6,UGV,22,2.82018366025517,19.1265924163683,11.9498817146472,0.7,1,0
39,1,UAV,28.0092692925775,0.799835372879528,29.5175533657585,30.0894070823131,0.961129147680772,0,1
39,1,UAV,14,1.36336896743476,12.8832032697982,23.6998955800774,0.7,1,0
39,2,UAV,44.8983405134007,2.66194502011886,30.1680967388427,30.7190845225142,0.617074710797291,0,1
39,2,UAV,41.3091120525914,1.9137295633396,56.1097707557319,48.9037822083565,3.4744408679502,0,2
39,3,UAV,41.3516137883176,-1.81780931403191,29.8891704178931,29.9035277354756,0.800642177341086,0,1
39,3,UAV,26.4345049888895,-0.915131275903126,56.1167615081568,49.0468844202868,3.56013131298757,0,2
39,3,UAV,20,-1.45981633974483,42.2150462414291,50.123039212487,1.4,1,0
39,4,UGV,26.4107572284995,-0.607312241364015,29.6881119929097,29.9283744882729,0.884661806196906,0,1
39,5,UGV,44.8361963375755,-2.79355720102495,29.8519784970778,29.7085388072027,0.957561814517098,0,1
39,5,UGV,16.315577740348,2.894824494603,56.1786711894358,48.9854274136349,3.46881935466506,0,2
39,5,UGV,26,2.00018366025518,61.1758403855473,68.6397455282592,0.7,1,0
39,6,UGV,26.9352408563084,1.94606498038135,30.1276281812216,30.0607955711532,0.614482983648724,0,1
39.5,1,UAV,28.1565302341048,0.779245659587779,30.0317902099865,29.7868030719252,0.876100093781537,0,1
39.5,2,UAV,44.682005951775,2.68056728977755,29.9829376370026,29.8775344474721,0.661848480935623,0,1
39.5,2,UAV,41.1392948447528,1.91910654533231,55.9587479320606,48.6689128459554,3.57554727548644,0,2
39.5,2,UAV,24,-2.27981633974484,54.3738334403084,-8.21600720928645,1.4,1,0
39.5,3,UAV,41.4758504503471,-1.81772768518828,29.8620763683364,29.7822343358297,0.811733183961443,0,1
39.5,3,UAV,26.3993881784722,-0.91817726089871,56.0315386036744,49.0257904512099,3.50366327218813,0,2
39.5,4,UGV,26.7433603744884,-0.611169529796367,29.9022096689957,29.6539732915942,0.63280090592534,0,1
39.5,4,UGV,30,1.18018366025517,19.4226501370148,72.7402787269226,0.7,1,0
39.5,5,UGV,44.83117183451,-2.80004230339718,29.7584330682986,29.9838756261827,0.621976308311862,0,1
39.5,5,UGV,16.4353504615732,2.89533378297596,56.0604841864383,49.0065671620416,3.46028756715577,0,2
39.5,6,UGV,26.9426130770058,1.95935349645444,29.7926958474674,29.9342202876877,0.848624356795782,0,1
39.5,6,UGV,11,-1.64300164692442,39.206431457484,-5.9713376107168,1.4,1,0
40,1,UAV,28.2332411291073,0.788890805584081,29.8940678176111,30.0335211663504,0.804032567165178,0,1
40,1,UAV,28,-3.09981633974482,-17.9755699078041,8.83060343186605,1.4,1,0
40,2,UAV,44.4829546593168,2.67973605958222,30.1776703028218,29.8220915322292,0.968017783026301,0,1
40,2,UAV,41.4626722023929,1.91803789198328,55.890032573878,48.9879725735625,3.5531722043839,0,2
40,3,UAV,41.3164821968835,-1.81755409530238,29.9079854033809,29.9350160051571,0.97200699295016,0,1
40,3,UAV,26.3535228880402,-0.906213190126826,56.2530356408588,49.2551933952752,3.3776626668346,0,2
40,3,UAV,9,0.360183660255178,48.4224889820648,73.1720150294406,0.7,1,0
40,4,UGV,26.5828511161666,-0.594448091264471,30.0227682898925,30.1122315200033,0.601200579107536,0,1
40,5,UGV,44.6585151764812,-2.79310061828506,30.0259652268303,29.7499710613802,0.78497718212305,0,1
40,5,UGV,16.5955074964132,2.8972034173377,55.897623218929,49.0155113079074,3.64780158385749,0,2
40,5,UGV,15,-2.4630016469244,60.3231313230791,35.584547918345,1.4,1,0
40,6,UGV,26.7277700567008,1.95373290445505,30.0132766449677,29.7919149892444,0.667947066705542,0,1
40.5,1,UAV,28.1824274646016,0.773852982694486,30.156724556132,29.696590389348,0.797796324165754,0,1
40.5,2,UAV,44.5641911695225,2.6916447098645,29.8712941941256,29.3817982896152,0.656487886635099,0,1
40.5,2,UAV,41.5538710710893,1.91281046483981,56.0634444601813,49.1471151003271,3.69276330817575,0,2
40.5,2,UAV,13,-0.45981633974483,81.6497422344584,4.2308141067672,0.7,1,0
40.5,3,UAV,41.5547613489967,-1.80821555152016,30.2265265505035,29.6109246515341,1.02333736188146,0,1
40.5,3,UAV,26.5137166588138,-0.915684347499822,56.1534300256943,48.9751606553378,3.76512853317292,0,2
40.5,4,UGV,26.8662806639181,-0.604424615673224,30.1063607158954,29.7321955536778,0.721444608310748,0,1
40.5,4,UGV,19,3.00018366025518,-10.8103495627643,47.6778254847192,1.4,1,0
40.5,5,UGV,44.724700053766,-2.78232113476397,30.1308289046412,29.275137307852,0.808350546024169,0,1
40.5,5,UGV,16.7031684042018,2.88646996479877,55.8374740595762,49.2152805320946,3.33951011796382,0,2
40.5,6,UGV,26.8310132456417,1.95671713593213,29.9004743960676,29.8576518272204,0.606880412527027,0,1
40.5,6,UGV,25,0.176998353075586,64.609416084851,9.40189049871476,0.7,1,0
41,1,UAV,28.1163284509529,0.774006573542461,30.1064306534896,29.6534824379364,0.779400264457885,0,1
41,1,UAV,17,-1.27981633974482,14.8771496219563,-6.28537416103946,0.7,1,0
41,2,UAV,44.3702243451534,2.68206246652955,30.232699636368,29.6793960839228,0.685762638187202,0,1
41,2,UAV,41.5244976216968,1.91716218237669,55.9031915212904,49.0584676280175,3.3731325190261,0,2
41,3,UAV,41.7456474397523,-1.80432660793346,30.3394972949285,29.3875170957327,0.67220382403141,0,1
41,3,UAV,26.24889696344,-0.926276318466699,55.770725990352,49.0169403199981,3.46238474672244,0,2
41,3,UAV,23,2.18018366025517,26.8356008208732,88.8599733364765,1.4,1,0
41,4,UGV,26.8878931045023,-0.59651258316079,30.2443468587721,29.8954368343279,0.829914368266577,0,1
41,5,UGV,44.4999372268599,-2.79925123471597,30.0823385470342,30.061657671983,0.573455020720574,0,1
41,5,UGV,16.6874677077022,2.89654738328507,55.8110479724584,49.0483837201478,3.45347636735537,0,2
41,5,UGV,29,-0.643001646924407,95.2086877423962,27.6115896851969,0.7,1,0
41,6,UGV,26.4828270191215,1.94435328585306,30.3356381539931,29.6564441279386,0.71092560063669,0,1
41.5,1,UAV,28.3216296774641,0.770450365371073,30.3235188029858,29.7248394429993,0.848369470319969,0,1
41.5,2,UAV,44.0964532367921,2.68134928274802,30.4920284735388,29.5861526065976,0.830504731532328,0,1
41.5,2,UAV,41.5708044727136,1.91206151639137,56.0871002733436,49.1734987677204,3.52285794793741,0,2
41.5,2,UAV,27,1.36018366025516,75.6445948225299,36.4033813987805,1.4,1,0
41.5,3,UAV,41.8862353988546,-1.8234951281702,29.5276889878434,29.4440211811757,0.695658748321312,0,1
41.5,3,UAV,26.3354779293294,-0.916436626712162,56.0291236670451,49.1044360632986,3.59591050395415,0,2
41.5,4,UGV,27.0926363576173,-0.618350080236201,30.0760557056427,29.2946280118092,0.857532758633563,0,1
41.5,4,UGV,8,-1.46300164692441,8.86068835418762,37.0464337837065,0.7,1,0
41.5,5,UGV,44.6144047641894,-2.78334922449076,30.2179775669263,29.3568636819516,0.914757072067452,0,1
41.5,5,UGV,16.5687131721826,2.89088082351026,55.9492899717869,49.1105916572043,3.29801463092079,0,2
41.5,6,UGV,26.3627320740286,1.95615198145869,30.0905460377076,29.429415968791,0.76432779301981,0,1
41.5,6,UGV,14,1.99699835307558,34.2121819345286,17.7475943628986,1.4,1,0
42,1,UAV,28.1934166355777,0.759098975897471,30.4530959812475,29.4046284779984,0.881588073819848,0,1
42,1,UAV,31,0.540183660255185,36.5860414570873,25.9430988092665,1.4,1,0
42,2,UAV,44.0677796031648,2.690266885372,30.3447426935692,29.2205558482025,1.01610916865956,0,1
42,2,UAV,41.5892091082948,1.92911733710806,55.4145655344998,48.9477523832386,3.68382643630698,0,2
42,3,UAV,41.7667682831706,-1.79213497818733,30.8306985419344,29.2521553503602,0.990012435457651,0,1
42,3,UAV,26.0142160503002,-0.925768143351662,55.640291938517,49.2124868060257,3.29765839349621,0,2
42,3,UAV,12,-2.28300164692441,32.1579446163888,60.9169296292292,0.7,1,0
42,4,UGV,26.9993067049513,-0.606013023001373,30.1914188422112,29.6213299561509,0.629630121621222,0,1
42,5,UGV,44.2591613318281,-2.78993429341675,30.4493765964596,29.7547037885799,1.00298679517123,0,1
42,5,UGV,16.872165984392,2.89657670350627,55.6317473024182,49.0927116479152,3.43202288864728,0,2
42,5,UGV,18,1.1769983530756,78.9065720090951,61.6222520460732,1.4,1,0
42,6,UGV,26.3143875179514,1.95844202305379,30.0529024101377,29.3619014032705,0.865206334468412,0,1
42.5,1,UAV,28.3484745427561,0.75770709161726,30.5927213514699,29.4827060810866,0.525112719218744,0,1
42.5,2,UAV,44.0286384293713,2.6928745500421,30.3300231639878,29.1001031351815,0.72680989027265,0,1
42.5,2,UAV,41.7214829840149,1.91736485574748,55.8283652157451,49.2408831440774,3.41060130250757,0,2
42.5,2,UAV,16,-3.10300164692442,54.0119126478286,9.3826971413188,0.7,1,0
42.5,3,UAV,41.7810016082539,-1.80148086397872,30.4470254654207,29.3257726203607,0.721788721239938,0,1
42.5,3,UAV,26.1441471739519,-0.921624350241466,55.8048434415359,49.1739740890923,3.39061971241515,0,2
42.5,4,UGV,27.5046477532332,-0.616558079336975,30.4403134682267,29.0959759973409,0.795221502548714,0,1
42.5,4,UGV,22,0.356998353075593,28.6129001936238,52.688195211342,1.4,1,0
42.5,5,UGV,44.3122640718891,-2.77949218778037,30.5611726825872,29.3028557458856,0.849379652731252,0,1
42.5,5,UGV,16.8082359991539,2.89953485053557,55.6817783134059,49.0289500357321,3.31714075395082,0,2
42.5,6,UGV,25.9758302495816,1.93721353099603,30.6935670916762,29.2514754948631,0.643763759004582,0,1
42.5,6,UGV,28,-2.466186954104,18.1473057416332,-12.5059919356299,0.7,1,0
43,1,UAV,28.2762286876632,0.764609649484711,30.4056149302541,29.574370695254,0.861540572829612,0,1
43,1,UAV,20,2.36018366025518,-4.19843833302693,24.0856078641723,0.7,1,0
43,2,UAV,43.9280423227674,2.68693294572816,30.5345845778989,29.2912904667321,0.666379697002363,0,1
43,2,UAV,41.8565917766749,1.91835395853226,55.7435404959106,49.3538770334953,3.46868280099674,0,2
43,3,UAV,41.8182820941285,-1.7956876759635,30.6745043322869,29.2347715834245,0.715976178727177,0,1
43,3,UAV,25.7618779378419,-0.940835916697914,55.1766512143968,49.1830931019805,3.4417487024415,0,2
43,3,UAV,26,-0.463001646924415,63.2626130722725,58.387470859036,1.4,1,0
43,4,UGV,27.5353564787234,-0.607299277790773,30.6118194860766,29.2869011350572,0.878132598375385,0,1
43,5,UGV,44.2307080597839,-2.76985334063146,30.7903831749351,28.9337927126168,0.767029572528983,0,1
43,5,UGV,17.0823201083823,2.88581722827051,55.4734120538829,49.3217532489141,3.53485229073634,0,2
43,5,UGV,32,2.99699835307559,40.3339377618301,49.6109112253816,0.7,1,0
43,6,UGV,25.8736581621693,1.93774271865945,30.7173907653405,29.1511770414902,0.714848085480782,0,1
43.5,1,UAV,28.4293479358302,0.742677729823293,30.9427734729234,29.2257135971155,0.872283314995249,0,1
43.5,2,UAV,43.6950122937548,2.69459064318051,30.5981504299434,28.8877830835176,1.13263932769698,0,1
43.5,2,UAV,41.7436653230578,1.93639370708262,55.0763366767478,48.9848415107421,3.62290388608907,0,2
43.5,2,UAV,30,-1.28300164692442,78.5151489086526,-18.7661648306387,1.4,1,0
43.5,3,UAV,42.0544625902635,-1.79795064186383,30.5290887362861,29.0258659201841,0.710965871806376,0,1
43.5,3,UAV,25.8106948819604,-0.93482248128728,55.3305525544045,49.2354598253104,3.51617462736053,0,2
43.5,4,UGV,27.7379629058744,-0.617415284002604,30.6169121586363,28.9416728587255,0.682104313068046,0,1
43.5,4,UGV,11,2.17699835307559,1.73274632308154,54.039996202939,0.7,1,0
43.5,5,UGV,43.9570999968669,-2.78255787060933,30.8457625598954,29.5547618711122,0.658181199551966,0,1
43.5,5,UGV,17.1451483387245,2.88101278246187,55.4336591461413,49.4172912820684,3.83766362591638,0,2
43.5,6,UGV,25.7498296106585,1.92545261140004,31.0579065954742,29.1473122836204,0.751957922942725,0,1
43.5,6,UGV,17,-0.646186954104007,53.5725553571955,-5.23649066212949,1.4,1,0
44,1,UAV,28.3817567220844,0.755629920404528,30.65736990564,29.4627126375832,0.635019164754761,0,1
44,1,UAV,9,-2.1030016469244,5.43308611466121,2.2447890058426,1.4,1,0
44,2,UAV,43.4267530792155,2.70995069769245,30.5563469233461,28.1681346035227,0.594610918902067,0,1
44,2,UAV,41.87659483946,1.92536942583519,55.4608628857,49.2716524648489,3.32633001356419,0,2
44,3,UAV,41.8834861557068,-1.78414305372559,31.1319286954783,29.0661054394625,0.688544216005769,0,1
44,3,UAV,25.60472041857,-0.933657633066036,55.2321958981104,49.4188942028198,3.55878319984637,0,2
44,3,UAV,15,1.35699835307559,43.1825938472919,84.6584820634055,0.7,1,0
44,4,UGV,27.8257290696994,-0.611416191334364,30.7847060796289,29.0272617524347,0.710689749576891,0,1
44,5,UGV,43.9316982046667,-2.77584366307883,30.9741135597139,29.2878789167512,0.593623723817814,0,1
44,5,UGV,17.1782200346988,2.89732284819195,55.3317295192689,49.1545159455363,3.38032434173636,0,2
44,5,UGV,21,-1.46618695410399,74.1927923826652,24.1147980242822,1.4,1,0
44,6,UGV,25.8890027984883,1.94363921339472,30.5695561679246,29.1103130429741,0.620637053404927,0,1
44.5,1,UAV,28.2976717383825,0.737931163026645,30.9363711345127,29.037504813688,0.989005815385808,0,1
44.5,2,UAV,43.5313185773825,2.69541213825222,30.7303159145933,28.7847706645017,0.99289017400588,0,1
44.5,2,UAV,41.9826165410325,1.92008361751946,55.6323638375426,49.4475743580594,3.48185653595389,0,2
44.5,2,UAV,19,0.536998353075585,86.3257133269487,19.7196236741085,0.7,1,0
44.5,3,UAV,41.9608119366323,-1.77841636938838,31.3505490304505,28.9403271285951,1.04451464317065,0,1
44.5,3,UAV,25.6053243415957,-0.933981600291487,55.2258866104308,49.4134750002673,3.59910231060333,0,2
44.5,4,UGV,28.1009071462998,-0.59708800713029,31.238785571398,29.2006383796196,0.718462612294313,0,1
44.5,4,UGV,25,-2.28618695410399,-8.39780816775851,26.1290729614735,1.4,1,0
44.5,5,UGV,44.1285470513641,-2.76831581116012,30.9102600763641,28.9077056367833,0.776395546855994,0,1
44.5,5,UGV,17.1572583637909,2.89410471338734,55.3655085868155,49.2030001173642,3.6296536252427,0,2
44.5,6,UGV,25.6591125330601,1.92845728565043,31.0171508749462,29.0353589026826,0.873946132382683,0,1
44.5,6,UGV,31,1.173813045896,51.985777760104,33.5891785731139,0.7,1,0
45,1,UAV,28.2488123031756,0.731971477931498,31.0131116969671,28.8797386992201,0.910147505023026,0,1
45,1,UAV,23,-0.283001646924408,32.0850965234936,3.57749958754608,0.7,1,0
45,2,UAV,43.4940024326035,2.67274968770998,31.1993615962621,29.6529567004483,0.493292012839187,0,1
45,2,UAV,42.3272251423236,1.92212706474814,55.4331886443178,49.7416908947885,3.58951494369752,0,2
45,3,UAV,42.13141686454,-1.80344005851368,30.2865665961922,29.003591638737,0.817624499826964,0,1
45,3,UAV,25.5757067415696,-0.927043292203611,55.3505781021905,49.5433011641829,3.32280028150142,0,2
45,3,UAV,29,-3.106186954104,11.0181747728414,68.9734492207237,1.4,1,0
45,4,UGV,28.0493318810662,-0.609562985425231,30.9975992729243,28.9414992400851,0.923016020423984,0,1
45,5,UGV,44.1835700817571,-2.76785526434184,30.8664509344315,28.8686948314772,0.692707119968771,0,1
45,5,UGV,17.2826898419059,2.87860497601573,55.3115306450551,49.4929231865882,3.60345140201128,0,2
45,5,UGV,10,0.353813045896008,81.3805840202674,48.4647717729606,0.7,1,0
45,6,UGV,25.379651049715,1.92646664755529,31.1623280877538,28.7912219647666,0.671159147006043,0,1
45.5,1,UAV,28.3155872300828,0.725762003763796,31.1798863249202,28.7932140797653,0.750979056502752,0,1
45.5,2,UAV,43.2269741774046,2.68756219448695,31.1524939772028,28.9589707616932,0.881994084540128,0,1
45.5,2,UAV,42.1790208982788,1.9393590402468,54.8039516699427,49.346536303568,3.34796434976193,0,2
45.5,2,UAV,8,2.35699835307558,64.3386002435472,15.6523050870982,1.4,1,0
45.5,3,UAV,42.2089384024561,-1.7907252393166,30.7916875116988,28.8077499742957,1.03953744471871,0,1
45.5,3,UAV,25.5001841070104,-0.944376768296389,54.9494291940007,49.3414919157993,3.40411399538619,0,2
45.5,4,UGV,27.98329383532,-0.601951646885655,31.0647279532472,29.1543994018354,0.855137834432358,0,1
45.5,4,UGV,14,-0.466186954104,20.5060415033754,38.7072322531454,0.7,1,0
45.5,5,UGV,44.0045217108281,-2.76984431049214,31.0012646515065,29.0155816238773,0.818855543818205,0,1
45.5,5,UGV,17.1697284263611,2.89313880035401,55.3574889245028,49.2221320842608,3.30944840390503,0,2
45.5,6,UGV,25.5472006939007,1.94266670261494,30.7172048976412,28.8010331368633,0.819828399512568,0,1
45.5,6,UGV,20,2.99381304589599,20.2179909689382,7.94484612416178,1.4,1,0
46,1,UAV,28.3839781749751,0.737986798550206,30.9991635602036,29.0967365486693,0.866006551321013,0,1
46,1,UAV,12,1.5369983530756,10.4054984739862,21.9931468342381,1.4,1,0
46,2,UAV,42.9015773802012,2.69143651343602,31.3723131182706,28.6667390798838,0.748634639873665,0,1
46,2,UAV,42.2471031396482,1.93596197017724,54.9133895932894,49.461524427323,3.57512635394466,0,2
46,3,UAV,42.0529894269453,-1.78759978222273,30.9540229180499,28.931469244985,0.933656644010333,0,1
46,3,UAV,25.3635136094592,-0.932734190521031,55.1075224532911,49.6267187733413,3.47587168858588,0,2
46,3,UAV,18,-1.28618695410399,45.054086076489,52.724114670112,0.7,1,0
46,4,UGV,28.2181718415946,-0.620797227198419,30.9530837135012,28.5859459571144,0.698204372131251,0,1
46,5,UGV,44.0143501393475,-2.75338068034777,31.2608734972399,28.3390699544956,0.816809859686442,0,1
46,5,UGV,17.3539369099489,2.88301286768959,55.2230101185438,49.4375372440128,3.53037944099013,0,2
46,5,UGV,24,2.17381304589601,58.388887054947,64.7670838617387,1.4,1,0
46,6,UGV,25.2962137727575,1.91336747848279,31.502750035478,28.8263546157921,0.635795797913194,0,1
46.5,1,UAV,28.3790752387502,0.710473594639579,31.512845561851,28.5086300746055,0.839997351023908,0,1
46.5,2,UAV,42.9685740878864,2.67871546842865,31.5529458195018,29.1865156812803,0.792861827529504,0,1
46.5,2,UAV,42.2098455038032,1.9455743001938,54.5484139622006,49.2800145923015,3.64993434754412,0,2
46.5,2,UAV,22,-2.106186954104,58.7761050112833,-8.92152692787401,0.7,1,0
46.5,3,UAV,42.5024360808288,-1.76591713382471,31.7594130127062,28.3040793492963,0.899346669750249,0,1
46.5,3,UAV,25.4982912807928,-0.940788068971869,55.0223547826287,49.3968032814083,3.57904212552406,0,2
46.5,4,UGV,28.5653839901108,-0.594393777106124,31.6660818470141,29.0031961782077,0.890649761550882,0,1
46.5,4,UGV,28,1.35381304589601,14.0279695297152,72.3434376651661,1.4,1,0
46.5,5,UGV,43.9411042920923,-2.77163197062738,31.0318821648872,29.1118293231457,0.908919909274513,0,1
46.5,5,UGV,17.3311162385606,2.88335199306644,55.2435701574037,49.4260195440877,3.37320422365187,0,2
46.5,6,UGV,25.1751081779874,1.92903633594242,31.1729394621497,28.5768758327836,0.721556509570299,0,1
46.5,6,UGV,9,-1.46937226128358,40.9112523944868,-3.95374888376606,0.7,1,0
47,1,UAV,28.2937993519717,0.705756041184085,31.5350160008493,28.3516257484943,0.729831221098886,0,1
47,1,UAV,26,-2.92618695410399,-15.3991337305159,4.44266199162122,0.7,1,0
47,2,UAV,42.5952748515236,2.6944068887539,31.5932194623854,28.4194638470381,0.823509682769663,0,1
47,2,UAV,42.1860193942225,1.92794590713254,55.2515521721814,49.5239613272738,3.550749537451,0,2
47,3,UAV,42.4502297535008,-1.77490467686766,31.3955889089712,28.4309476184315,0.874745015372385,0,1
47,3,UAV,25.4365931179144,-0.928778649594268,55.2317523326548,49.6281078364577,3.60706698245985,0,2
47,3,UAV,32,0.533813045896,67.5479417935302,86.2822265965154,1.4,1,0
47,4,UGV,28.6284244719413,-0.617153631985552,31.3473103062611,28.4322666242844,1.0618473363605,0,1
47,5,UGV,43.8874157965441,-2.75696480877435,31.3190806617086,28.5328184837181,1.06056360549524,0,1
47,5,UGV,17.5911648606961,2.88542869870345,54.9828517716155,49.4571007762202,3.35468710873207,0,2
47,5,UGV,13,-2.28937226128358,63.4419260194446,35.2143283448023,0.7,1,0
47,6,UGV,25.1650510484501,1.93656844371062,30.9992050996932,28.5003294750034,0.852040753095046,0,1
47.5,1,UAV,28.4677471691957,0.710405276173578,31.5813319741554,28.5649869138264,0.805741300086533,0,1
47.5,2,UAV,42.8786513465894,2.6890105029138,31.4383303138111,28.7503699247676,0.764131061938668,0,1
47.5,2,UAV,42.5695783380656,1.92728124521458,55.143970213676,49.893199656941,3.49594896147177,0,2
47.5,2,UAV,11,-0.286186954104007,80.5525998130374,6.894740399599,1.4,1,0
47.5,3,UAV,42.4285122516117,-1.77151850172519,31.5407280333132,28.4233314264022,0.74220073583415,0,1
47.5,3,UAV,25.2350394018477,-0.943641410225011,54.8090181122482,49.567178458081,3.73436935737746,0,2
47.5,4,UGV,28.7784387841656,-0.620225211568938,31.4183849220728,28.273440685676,0.48966577174131,0,1
47.5,4,UGV,17,-3.10937226128359,-8.99117645710598,44.4523481000785,0.7,1,0
47.5,5,UGV,43.8760309518646,-2.7507310194042,31.4330495808923,28.283881258419,0.890308828025184,0,1
47.5,5,UGV,17.6982495274193,2.87134457910647,54.9441137938274,49.7249107988286,3.68001547557486,0,2
47.5,6,UGV,24.9633172193947,1.91334626971843,31.6150719802233,28.5129791540607,0.714632763903915,0,1
47.5,6,UGV,23,0.350627738716408,61.6006173836346,12.9002106709771,1.4,1,0
48,1,UAV,28.526548015785,0.6986800114108,31.8425462005065,28.3484908691594,0.88137565113817,0,1
48,1,UAV,15,-1.106186954104,16.7211042419376,-3.40994995400834,1.4,1,0
48,2,UAV,42.5368164147819,2.70224301801633,31.5029693671445,28.093075558286,0.704898102499124,0,1
48,2,UAV,42.4553955199751,1.93351134726974,54.9362350798557,49.6931177307623,3.6441156367643,0,2
48,3,UAV,42.3815868514375,-1.77168423023526,31.5432011790428,28.470715660539,0.718248461784518,0,1
48,3,UAV,25.2438844283594,-0.938704818703786,54.9149316867448,49.6333970969112,3.27670401962641,0,2
48,3,UAV,21,2.35381304589599,25.1861623123507,84.8845629080595,0.7,1,0
48,4,UGV,28.9193483520434,-0.616438515560968,31.5965293919704,28.2807742475703,0.87200804767832,0,1
48,5,UGV,43.6626826184502,-2.75110896733461,31.6240232063121,28.3804226469175,0.716552819347372,0,1
48,5,UGV,17.8295703855219,2.88395073628314,54.7589211877995,49.5429925735984,3.57365869342987,0,2
48,5,UGV,27,-0.469372261283585,96.080014982743,32.7871838452029,1.4,1,0
48,6,UGV,24.8330132333049,1.9209423244854,31.4814085459949,28.3262115630731,0.80897992720254,0,1
48.5,1,UAV,28.4210328726842,0.7010313386527,31.7187102680077,28.331741156926,0.819217319662614,0,1
48.5,2,UAV,42.3656469671416,2.69276634769391,31.8303738685739,28.3828094678595,0.781864583011258,0,1
48.5,2,UAV,42.6337221735646,1.94341936459538,54.4787792554626,49.7080089273189,3.41623146017417,0,2
48.5,2,UAV,25,1.533813045896,70.9243712686957,34.9829049103104,0.7,1,0
48.5,3,UAV,42.6958356844836,-1.77279980072456,31.4338290877046,28.1723165750508,0.790562568845284,0,1
48.5,3,UAV,25.0657233024904,-0.951000465097171,54.5599017459379,49.5965751447057,3.43273951476915,0,2
48.5,4,UGV,29.0602057447586,-0.609587398627264,31.8260068508921,28.3621829716472,0.911535488900574,0,1
48.5,4,UGV,31,-1.28937226128358,16.6094431873749,15.219511622484,1.4,1,0
48.5,5,UGV,43.5252638656197,-2.73912108062453,31.9525916187734,27.9514318337556,0.848679815925598,0,1
48.5,5,UGV,17.9035002222856,2.87051066103591,54.7503046176165,49.7940931806089,3.44800310371942,0,2
48.5,6,UGV,24.6429792130986,1.91638383247221,31.6522029646844,28.1860024401445,0.887473731756106,0,1
48.5,6,UGV,12,2.17062773871642,33.2259601164861,14.9051695420403,0.7,1,0
49,1,UAV,28.3594017165125,0.696147234511883,31.7606942734535,28.18592451474,0.889165932002928,0,1
49,1,UAV,29,0.713813045896007,31.9202560101562,28.9869001274355,0.7,1,0
49,2,UAV,42.294505243903,2.69178256907241,31.9125421854574,28.3894189971291,0.951849951759281,0,1
49,2,UAV,42.4640174756975,1.93766953988728,54.7682214742887,49.6381849120267,3.36279732421908,0,2
49,3,UAV,42.5424852848945,-1.78608896272532,30.911507731437,28.439653965592,0.625466203130743,0,1
49,3,UAV,25.2669982773567,-0.941025703969804,54.8812361295218,49.5801563863638,3.41622649210802,0,2
49,3,UAV,10,-2.10937226128359,34.8708596261012,61.4156002525021,1.4,1,0
49,4,UGV,29.0191945115555,-0.620606840532792,31.6078608517292,28.1244983450895,0.735863119585329,0,1
49,5,UGV,43.6151479676215,-2.73967544342255,31.8604251999138,27.9384740686597,0.900192837582534,0,1
49,5,UGV,18.0251849623626,2.87471285374067,54.6129343617419,49.7536555847356,3.48781767336231,0,2
49,5,UGV,16,1.35062773871642,75.4943063144737,60.6137703127921,0.7,1,0
49,6,UGV,24.672959617726,1.9105796014439,31.7769277861586,28.2623304865159,0.84702573372692,0,1
49.5,1,UAV,28.3577529936492,0.689929317971704,31.8720798006153,28.0492182668484,0.824662841499044,0,1
49.5,2,UAV,42.3172218997288,2.69739538625585,31.7894140883367,28.1851146160337,0.706986659225526,0,1
49.5,2,UAV,42.5110088546955,1.9401346917896,54.6535898908763,49.6443384432959,3.56931681896527,0,2
49.5,2,UAV,14,-2.92937226128359,56.3140810199512,7.05116604883557,1.4,1,0
49.5,3,UAV,42.5858619626085,-1.76530915921363,31.7686393252778,28.2172243557111,0.832470496899117,0,1
49.5,3,UAV,24.936371695449,-0.944118110365921,54.6241202085554,49.8020362051193,3.56278888802817,0,2
49.5,4,UGV,29.2065088219885,-0.621180425763825,31.750499932899,28.0019439197814,0.789817484102528,0,1
49.5,4,UGV,20,0.530627738716415,25.2497911537558,55.1214971793608,0.7,1,0
49.5,5,UGV,43.5559150570759,-2.73848435618206,31.9352605965818,27.9139122969766,0.979175584822935,0,1
49.5,5,UGV,18.0436583527547,2.87361850124876,54.6003328852701,49.7775716684863,3.53623722429481,0,2
49.5,6,UGV,24.5008303789575,1.91215852408937,31.797832508497,28.0871206021837,0.910858356142479,0,1
49.5,6,UGV,26,-2.29255756846318,22.8215982356495,-14.5167239264831,1.4,1,0
50,1,UAV,28.4153340070694,0.687293824822127,31.9640805292527,28.0280440768769,0.866647352149368,0,1
50,1,UAV,18,2.533813045896,-4.77652376260618,20.2788299671283,1.4,1,0
50,2,UAV,42.0462256804408,2.70004188514708,31.9864260547116,27.9681187072174,0.638030800118998,0,1
50,2,UAV,42.5360319630955,1.93301820207958,54.927237630798,49.7759456170064,3.45488977258456,0,2
50,3,UAV,42.4343975709868,-1.76060161420621,31.9940005388061,28.3276822118095,0.724724278508606,0,1
50,3,UAV,24.7939926042227,-0.952203405971695,54.3777733535143,49.8004529097005,3.43600330077198,0,2
50,3,UAV,24,-0.289372261283592,63.0021565595879,63.1515845914398,0.7,1,0
50,4,UGV,29.1217238741474,-0.605253861220902,31.9484734136629,28.4305877425552,0.844617113886688,0,1
50,5,UGV,43.2256599508661,-2.73864966512634,32.2362419504637,28.0500376411673,0.85913953585444,0,1
50,5,UGV,17.9618543473221,2.87083396053416,54.692527408973,49.8041236563254,3.5902866591546,0,2
50,5,UGV,30,-3.11255756846317,42.0126446541621,44.1290698291771,1.4,1,0
50,6,UGV,24.4334463851073,1.90031270526971,32.0936919124877,28.1189012429062,0.970577666019748,0,1
50.5,1,UAV,28.3033515596294,0.679443772159178,32.0178097760474,27.7847058500771,0.752198557853515,0,1
50.5,2,UAV,41.8452338494249,2.6975524911966,32.2127738515628,27.9763493490731,1.06270946097129,0,1
50.5,2,UAV,42.6889905658095,1.93883319300853,54.641164879523,49.8303414405372,3.51208420593299,0,2
50.5,2,UAV,28,-1.10937226128359,82.4662634274438,-15.0717425831867,0.7,1,0
50.5,3,UAV,42.8897284498038,-1.74507673467012,32.5629429127615,27.7599835655919,0.717919687824247,0,1
50.5,3,UAV,24.952860663942,-0.958385938010896,54.3439389651464,49.5819523392108,3.69368863249829,0,2
50.5,4,UGV,29.5741674339576,-0.604616037180917,32.3312714668336,28.1886761907634,1.00288171053502,0,1
50.5,4,UGV,9,2.35062773871642,1.67156398106576,51.3992888319137,1.4,1,0
50.5,5,UGV,43.4003964747935,-2.73093511252235,32.2079766092038,27.6740284937439,0.883490169172455,0,1
50.5,5,UGV,18.202707525859,2.8828284609265,54.4033162689908,49.6578195481146,3.45594393458938,0,2
50.5,6,UGV,24.3478688562228,1.90253789309538,32.0701393878774,28.0203394525826,0.967876373516856,0,1
50.5,6,UGV,15,-0.47255756846317,53.3561062875244,-1.82747572945895,0.7,1,0
51,1,UAV,28.4724373532348,0.687157592254515,32.0106801992673,28.0612747611973,0.984138793103554,0,1
51,1,UAV,32,-1.92937226128358,-1.23011514039641,-19.9647211556096,0.7,1,0
51,2,UAV,41.9161867003096,2.696705038695,32.1639752888644,28.038900785623,0.89706529586989,0,1
51,2,UAV,42.763244391965,1.9512285674155,54.1210733511737,49.705852961599,3.67129940279507,0,2
51,3,UAV,42.6605690014021,-1.76256865847201,31.868936730269,28.1214857280369,0.911976712911196,0,1
51,3,UAV,24.7403521885651,-0.955694203384793,54.2762205996766,49.7941950963688,3.48834860309765,0,2
51,3,UAV,13,1.53062773871642,40.5220512289661,82.9895135595732,1.4,1,0
51,4,UGV,29.6192287822932,-0.615258439543615,32.1877822886571,27.9046818802822,0.717553170688649,0,1
51,5,UGV,43.3738587146531,-2.7442309790635,32.0056068339104,28.2148835251306,0.916220861742245,0,1
51,5,UGV,18.5230222427157,2.8782498458595,54.1155550687623,49.8217198700946,3.33538929367297,0,2
51,5,UGV,19,-1.29255756846316,77.2185888287095,26.7307271453714,0.7,1,0
51,6,UGV,24.267348398919,1.8927523308612,32.3212609225781,28.0204510054732,0.844595316701698,0,1
51.5,1,UAV,28.6417325924674,0.684550433100579,32.1888475544662,28.1108776734609,0.918544307958576,0,1
51.5,2,UAV,41.6660810406429,2.70082420641847,32.3161928150229,27.7761915305526,0.997049748645646,0,1
51.5,2,UAV,42.7998319579193,1.93381557866678,54.8018510800608,50.0105221789654,3.49192889781917,0,2
51.5,2,UAV,17,0.710627738716408,82.8851932701709,21.089264826414,1.4,1,0
51.5,3,UAV,42.7648470659774,-1.75330801573977,32.2381753206114,27.9454375575863,0.810270131568451,0,1
51.5,3,UAV,24.5476827238375,-0.948502595286063,54.3088552838218,50.0539380433923,3.45274781027267,0,2
51.5,4,UGV,29.5496131211114,-0.600446987010933,32.3808877161737,28.3041337517728,0.727249075683098,0,1
51.5,4,UGV,23,-2.11255756846317,-3.85985399163837,25.2935578224526,0.7,1,0
51.5,5,UGV,43.2200145668058,-2.72691394854916,32.4430624937558,27.5868338811693,0.646332427427133,0,1
51.5,5,UGV,18.4119430126566,2.85863783346571,54.3202141097293,50.1405074044788,3.57438262988101,0,2
51.5,6,UGV,23.9163091527092,1.88808789372868,32.5382438159575,27.7225007016804,0.884781658269754,0,1
51.5,6,UGV,29,1.34744243153682,46.4235419741111,33.279641237237,1.4,1,0
52,1,UAV,28.8814073291017,0.680599384196563,32.4465053116391,28.173884796709,0.846842816288364,0,1
52,1,UAV,21,-0.109372261283585,30.8745210982988,7.70775897500321,1.4,1,0
52,2,UAV,41.7853854779183,2.68606049797728,32.4755940198424,28.383073610649,0.8066540421101,0,1
52,2,UAV,42.917825575916,1.94767880672231,54.205229860105,49.9057012016156,3.45934331704606,0,2
52,3,UAV,42.6679030710742,-1.75104441798284,32.3507692417266,28.0233490939396,0.783367294443165,0,1
52,3,UAV,24.4357314621612,-0.959963034909262,54.015120308648,49.9829728774481,3.56363412226958,0,2
52,3,UAV,27,-2.93255756846318,13.5877466529106,64.3970656679589,0.7,1,0
52,4,UGV,29.7893442725778,-0.617930572604056,32.2806726090492,27.741553666615,0.887292067546698,0,1
52,5,UGV,43.1425691513661,-2.72817268574934,32.4920960489304,27.6677526450416,0.739041395047871,0,1
52,5,UGV,18.2823360236336,2.87061298749824,54.3848023934094,49.8937331110119,3.46901732242907,0,2
52,5,UGV,8,0.52744243153683,78.9127774668743,49.0266000165742,1.4,1,0
52,6,UGV,24.2763538978323,1.88388598173279,32.5228937334986,28.0961953674679,0.616042096622696,0,1
52.5,1,UAV,28.8296622448667,0.675017118588361,32.5072093087965,28.0159638732741,1.07087572248187,0,1
52.5,2,UAV,41.5864867779215,2.70307810734163,32.3482861150466,27.6574155542607,0.740906473942175,0,1
52.5,2,UAV,43.1892972833017,1.946512224228,54.1521804459733,50.1766351902249,3.32108332218924,0,2
52.5,2,UAV,31,2.53062773871642,44.6080590911467,27.783400599472,0.7,1,0
52.5,3,UAV,42.8529722818302,-1.7661915108387,31.6799148401765,27.9624760919415,0.892418155474423,0,1
52.5,3,UAV,24.5583068084803,-0.957732008972645,54.130270863328,49.9140377719056,3.44875976004653,0,2
52.5,4,UGV,29.8590031223887,-0.598331301855248,32.6717980643688,28.1814849723935,0.816321151495964,0,1
52.5,4,UGV,12,-0.292557568463163,19.4901127988871,41.5391752617547,1.4,1,0
52.5,5,UGV,43.1947546748942,-2.73221406982908,32.3744992601855,27.8067884750038,0.84366934275814,0,1
52.5,5,UGV,18.6946410166365,2.87169865896079,53.9821205810718,49.9845384927667,3.52610206432896,0,2
52.5,6,UGV,24.0670816318269,1.88495916167536,32.562781067474,27.8891282669894,0.902411346500085,0,1
52.5,6,UGV,18,-3.11574287564276,22.0060135643072,4.5347558145415,0.7,1,0
53,1,UAV,28.5391004921885,0.661818444003093,32.5138116482287,27.5387725331995,0.78680009531352,0,1
53,1,UAV,10,1.71062773871642,8.60623825950092,19.9023950744616,0.7,1,0
53,2,UAV,41.5172643440573,2.70148081705259,32.4391639668567,27.688042150155,0.855499634052113,0,1
53,2,UAV,43.0379074240851,1.95899740023639,53.7091209645717,49.8355210295681,3.55406730413523,0,2
53,3,UAV,42.8971299536869,-1.74021711789693,32.7670522349352,27.7170456934317,0.851837948573082,0,1
53,3,UAV,24.5596295053206,-0.972375299766028,53.8353869935242,49.7081920919294,3.55280695168741,0,2
53,3,UAV,16,-1.11255756846317,47.0779080676584,55.6506718838206,1.4,1,0
53,4,UGV,29.9565093184329,-0.613112113805405,32.500267340386,27.7625596217139,0.6182736377757,0,1
53,5,UGV,43.0945755720876,-2.73185642007034,32.4725378131312,27.832525613707,0.64882873323412,0,1
53,5,UGV,18.9339163152823,2.86816677250767,53.7694511790561,50.1127562743884,3.67548707568364,0,2
53,5,UGV,22,2.34744243153684,56.5803949492379,60.6919017355613,0.7,1,0
53,6,UGV,23.9029089377909,1.87407769095953,32.8613145701367,27.8120193323998,0.706758319844237,0,1
53.5,1,UAV,28.8242431632805,0.672445393783369,32.5492275785194,27.9546464612384,1.08554871088213,0,1
53.5,2,UAV,41.2942964954027,2.69192718090578,32.8106638132894,27.9491558866162,0.783619860526388,0,1
53.5,2,UAV,43.1649555540638,1.94569552658078,54.1939113145105,50.1669136037454,3.4577993484284,0,2
53.5,2,UAV,20,-1.93255756846318,62.9215594693264,-8.70549864755595,1.4,1,0
53.5,3,UAV,42.9983726401431,-1.72930651825503,33.2128250935316,27.5406746816484,0.613286725271986,0,1
53.5,3,UAV,24.4540410559207,-0.96451271902153,53.9343375436413,49.9043695997234,3.60849154514618,0,2
53.5,4,UGV,30.1399568235986,-0.606276568343509,32.7682739891274,27.8259031990645,0.557583478792316,0,1
53.5,4,UGV,26,1.52744243153683,9.12684820277664,70.9755695438598,0.7,1,0
53.5,5,UGV,42.8722859032078,-2.71650138039477,32.9433005831287,27.3193006578768,0.865408411740358,0,1
53.5,5,UGV,18.6891136420609,2.86788531362471,54.0065809262119,50.0517164173084,3.47009170580025,0,2
53.5,6,UGV,24.0370219658882,1.90192248782778,32.1853666055654,27.7312544726238,0.833262561726347,0,1
53.5,6,UGV,32,-1.29574287564276,48.6911481377228,-25.7971418162166,1.4,1,0
54,1,UAV,28.959948327995,0.655237152643482,32.9624427116423,27.6466663105156,0.910643591584974,0,1
54,1,UAV,24,-2.75255756846317,-12.2066114884067,0.896901285663104,1.4,1,0
54,2,UAV,41.0199347554992,2.70169746497825,32.8853147431119,27.4681191210602,0.976353326445328,0,1
54,2,UAV,43.2966271755411,1.96416453724536,53.4043360831985,49.9897719915778,3.46650671588468,0,2
54,3,UAV,42.9138530101927,-1.74259617165931,32.6636204707488,27.7178960364647,0.780979550370227,0,1
54,3,UAV,24.225877387893,-0.962234549842747,53.8496441516732,50.1233681906302,3.47075827831039,0,2
54,3,UAV,30,0.707442431536823,62.8007951016566,89.4967623653845,0.7,1,0
54,4,UGV,30.1266344446788,-0.606102054728017,32.7603213982838,27.8378151968639,0.839321297422699,0,1
54,5,UGV,42.7952064336011,-2.72037083126905,32.9455205039806,27.5020765520725,0.758018251212406,0,1
54,5,UGV,18.7918871970862,2.86507992139947,53.921954230915,50.1302325092415,3.48293002251963,0,2
54,5,UGV,11,-2.11574287564276,66.2979037955244,35.593295004365,1.4,1,0
54,6,UGV,23.7343254216315,1.86341073398442,33.1536799228785,27.7254505922656,0.70131421034638,0,1
54.5,1,UAV,28.9950393949392,0.655693253504254,32.9822057360408,27.6785329996686,0.788345417875796,0,1
54.5,2,UAV,41.0130838477106,2.70129915075017,32.8984730009994,27.4799811510702,0.720168264866662,0,1
54.5,2,UAV,43.3599095865875,1.95324670068682,53.8183016139339,50.2272842322151,3.38934056966886,0,2
54.5,2,UAV,9,-0.112557568463171,78.9430487373991,8.98911955182366,0.7,1,0
54.5,3,UAV,42.9608754549782,-1.73426726990083,33.008381738565,27.6118637594843,1.1817130057503,0,1
54.5,3,UAV,24.1602087778769,-0.957650238779075,53.9028304024336,50.2407744334003,3.60388028009978,0,2
54.5,4,UGV,30.4606338947622,-0.590128628494976,33.3087997237719,28.0496349947048,0.875004279520094,0,1
54.5,4,UGV,15,-2.93574287564275,-6.68331466234157,41.9340139389317,1.4,1,0
54.5,5,UGV,42.7251612145228,-2.72465277906635,32.9349981886312,27.69783151496,0.827434490775851,0,1
54.5,5,UGV,18.9160644470152,2.85882113250186,53.8351714903586,50.277925670086,3.61152421011094,0,2
54.5,6,UGV,23.636465737278,1.87557624405372,32.9070927159114,27.5471323854906,0.804649281666116,0,1
54.5,6,UGV,21,0.524257124357245,58.179616876772,15.5119708054097,0.7,1,0
55,1,UAV,29.1800810588242,0.661134791948526,33.0317201774748,27.9169471804224,0.925902438566135,0,1
55,1,UAV,13,-0.932557568463164,17.7451638079455,-0.44090214435951,0.7,1,0
55,2,UAV,40.8250447730187,2.70741709036273,32.9628188121705,27.1735695293341,0.664485452632008,0,1
55,2,UAV,43.4625228674797,1.95818873908217,53.5809304809307,50.241832092167,3.29669694054139,0,2
55,3,UAV,42.9152974187926,-1.72565531985118,33.3807109976685,27.5982575163822,0.944884928665052,0,1
55,3,UAV,24.212933183234,-0.963784251623474,53.811441102181,50.1125610493271,3.36707495100087,0,2
55,3,UAV,19,2.52744243153683,24.471994667262,80.9490205217845,1.4,1,0
55,4,UGV,30.5128508089524,-0.61454705632979,32.9300576877165,27.4066407932847,0.84794308043296,0,1
55,5,UGV,42.8032701166891,-2.71414596234906,33.0478605679888,27.2559653305284,0.743561596223082,0,1
55,5,UGV,18.8364831009708,2.87024336661824,53.8527415192619,50.0487726475293,3.512708043957,0,2
55,5,UGV,25,-0.295742875642748,95.9146473693856,37.7137361289933,0.7,1,0
55,6,UGV,23.880824987139,1.86758341398794,33.0160700746869,27.8367800896859,0.869565249014155,0,1
55.5,1,UAV,29.0122013367568,0.65761919972712,32.9616980433587,27.7332526449643,0.775893403111549,0,1
55.5,2,UAV,40.9147171692518,2.6936847175516,33.1213107321054,27.7193780625039,0.837612163084471,0,1
55.5,2,UAV,43.7471331080209,1.95853469533364,53.4593996590144,50.4996320419172,3.44030100182003,0,2
55.5,2,UAV,23,1.70744243153682,66.8669111280129,32.7856040982071,1.4,1,0
55.5,3,UAV,42.8871580242038,-1.73408855889134,33.027941136595,27.6833517560967,0.663073134274488,0,1
55.5,3,UAV,23.9880767381989,-0.958209322283151,53.7928076646385,50.3738367905489,3.43917767430381,0,2
55.5,4,UGV,30.6971421379764,-0.600236346818932,33.3313473966345,27.6611022694595,0.426833432602772,0,1
55.5,4,UGV,29,-1.11574287564276,20.745799461683,18.9511114232764,0.7,1,0
55.5,5,UGV,42.424397547512,-2.72420207023797,33.2177434565523,27.8021488357543,0.702720044084894,0,1
55.5,5,UGV,19.0328801587247,2.86232271772114,53.7045118683514,50.2464884600159,3.3352333127296,0,2
55.5,6,UGV,23.5812252949051,1.86263148882652,33.2154391766637,27.5841519841574,0.591174914264318,0,1
55.5,6,UGV,10,2.34425712435724,33.0138439168029,12.1549719203647,1.4,1,0
56,1,UAV,29.0719701102021,0.652728276166581,33.0956371364456,27.6570380117991,0.820184081957184,0,1
56,1,UAV,27,0.887442431536829,27.0477292616736,30.9374049734125,1.4,1,0
56,2,UAV,40.8765967397031,2.70312141549544,32.990257134373,27.3543969656246,0.720904056969741,0,1
56,2,UAV,43.3514243841687,1.95387490467819,53.796205447274,50.2092407069487,3.58982100796009,0,2
56,3,UAV,43.0314915518081,-1.72659729973798,33.3227423430868,27.4897248261491,0.631372233512317,0,1
56,3,UAV,23.9009337259004,-0.967821808084362,53.5540987707053,50.3139379386366,3.530091598591,0,2
56,3,UAV,8,-1.93574287564276,37.1448050881939,62.5268572865496,0.7,1,0
56,4,UGV,30.5236259329799,-0.601183580234852,33.1718190088319,27.7352594029596,0.862324696645876,0,1
56,5,UGV,42.6109750716967,-2.72577400939848,33.0200789105528,27.7877674771335,0.722290674080364,0,1
56,5,UGV,18.968052755425,2.86440896689178,53.7559591458238,50.190568239002,3.58414632688875,0,2
56,5,UGV,14,1.52425712435724,72.6513136616129,58.9848414547394,1.4,1,0
56,6,UGV,23.4504557633408,1.8644533317417,33.2121575249582,27.4465825916201,0.818191789600437,0,1
56.5,1,UAV,29.169207770473,0.656365560153236,33.108294007494,27.8002648862382,0.683717119610589,0,1
56.5,2,UAV,40.6088625444433,2.68721520669547,33.5115383241924,27.8233521450541,0.698788058942243,0,1
56.5,2,UAV,43.6963487974719,1.95934211342541,53.4459441990372,50.4392647654347,3.46868933727253,0,2
56.5,2,UAV,12,-2.75574287564276,58.8822525254996,5.48384111293248,0.7,1,0
56.5,3,UAV,43.0384177176903,-1.72598462890554,33.3477178496077,27.478798913554,1.03887035483835,0,1
56.5,3,UAV,23.8045419512259,-0.960221058167071,53.6480694944122,50.4965024525505,3.50017042664295,0,2
56.5,4,UGV,30.6835152347905,-0.59854551090801,33.3493704554512,27.7116361480932,0.846406277423822,0,1
56.5,4,UGV,18,0.704257124357252,21.7176695020223,56.6544216258589,1.4,1,0
56.5,5,UGV,42.6303158440539,-2.71744976410524,33.1470795912342,27.4559296434975,0.791428801111051,0,1
56.5,5,UGV,19.0948198016493,2.84756596775466,53.7246406860425,50.5338400052047,3.55966441662185,0,2
56.5,6,UGV,23.4649111162687,1.84634814106729,33.6157144871084,27.5797022164659,0.859823978661449,0,1
56.5,6,UGV,24,-2.11892818282234,27.4937516984632,-15.4839877323803,0.7,1,0
57,1,UAV,29.2350287839596,0.642110611541712,33.4123911454479,27.5084793414934,1.0369683917225,0,1
57,1,UAV,16,2.70744243153684,-4.51564512138136,16.7302337782664,0.7,1,0
57,2,UAV,40.6539244681748,2.67865818057668,33.6250682654388,28.1550520784183,0.831447635565105,0,1
57,2,UAV,43.4870392055555,1.93657794913719,54.4455855025743,50.6101313529986,3.50600312601865,0,2
57,3,UAV,42.9442482256563,-1.73019318163122,33.1837714128387,27.6001476003236,0.751218043202606,0,1
57,3,UAV,23.6326335704694,-0.970759705490916,53.3447029563136,50.4956345275261,3.61844468316294,0,2
57,3,UAV,22,-0.115742875642756,61.8528038892384,67.4593382400472,1.4,1,0
57,4,UGV,30.8840538522069,-0.60320523176576,33.4336844691743,27.4799407344468,0.796307851641532,0,1
57,5,UGV,42.4038788352828,-2.71170230730141,33.4543883751204,27.3272875669496,0.825900875210179,0,1
57,5,UGV,19.3042357764359,2.85534662458908,53.4812424304555,50.4506088643992,3.53926305955732,0,2
57,5,UGV,28,-2.93892818282233,44.5730549747769,39.3641605254064,0.7,1,0
57,6,UGV,23.4931852107051,1.85714972690436,33.3642088878119,27.536548707819,0.809690914057759,0,1
57.5,1,UAV,29.5324700017349,0.637238672893002,33.7364791148162,27.5711793467389,0.731363096637123,0,1
57.5,2,UAV,40.4495751154821,2.70355752318236,33.3693974278766,27.157129195357,0.922669442519015,0,1
57.5,2,UAV,43.6929991793946,1.963092167884,53.295692103642,50.3738067934428,3.82225211500696,0,2
57.5,2,UAV,26,-0.935742875642763,85.4237341834721,-10.9310397218484,1.4,1,0
57.5,3,UAV,42.8978425402329,-1.72255383411595,33.5148897754651,27.5951861225374,0.833548193020617,0,1
57.5,3,UAV,23.6211890383825,-0.96896562801033,53.373194453946,50.5290410692244,3.35920158880072,0,2
57.5,4,UGV,30.8396383329238,-0.610132155266692,33.2753134194841,27.329634297718,0.688336387204339,0,1
57.5,4,UGV,32,2.52425712435724,-18.0935589442034,63.5236654478908,0.7,1,0
57.5,5,UGV,42.327542547019,-2.70686615922798,33.6095425427313,27.1732326460644,0.737078573740387,0,1
57.5,5,UGV,19.5152883304897,2.86327923352062,53.2356567035655,50.3615202392324,3.46480767143852,0,2
57.5,6,UGV,23.6404099662476,1.8513246825897,33.4548359752169,27.7162895575168,0.808360512190276,0,1
57.5,6,UGV,13,-0.298928182822348,52.4234848914458,1.17155081632024,1.4,1,0
58,1,UAV,29.2705359759247,0.642163595168633,33.4398976728158,27.530986093367,0.72919761950428,0,1
58,1,UAV,30,-1.75574287564276,4.48318017429342,-19.4883824414072,1.4,1,0
58,2,UAV,40.4176592244656,2.69023850560543,33.6298755408334,27.6295554115739,0.902104252949138,0,1
58,2,UAV,43.7055728712142,1.96226723017837,53.3242061865438,50.399195545111,3.62799656250554,0,2
58,3,UAV,43.092030053742,-1.72568971917411,33.3519870239464,27.423868451645,0.639977499338429,0,1
58,3,UAV,23.7776673888493,-0.959285335747528,53.6508845483675,50.5312861877861,3.64386023418427,0,2
58,3,UAV,11,1.70425712435724,38.5362855012346,80.902180509701,0.7,1,0
58,4,UGV,31.2351141205726,-0.611207147998377,33.5801805279264,27.0755273917505,0.695679201495865,0,1
58,5,UGV,42.2866815399066,-2.71576412400712,33.4896544249697,27.5324094578211,0.750644211804867,0,1
58,5,UGV,19.3768792087356,2.85382716957074,53.4198893929152,50.4993579351071,3.64625322692146,0,2
58,5,UGV,17,-1.11892818282234,79.422997962206,29.7062397935274,1.4,1,0
58,6,UGV,23.447018218864,1.84278084292329,33.7011102791236,27.5850979993441,0.870899677245221,0,1
58.5,1,UAV,29.5168481188868,0.633577036693295,33.7880692042727,27.4748987523867,0.437397000646633,0,1
58.5,2,UAV,40.5331566471943,2.69457557466085,33.4496085339289,27.5215773109314,1.07512418153074,0,1
58.5,2,UAV,43.8938654295962,1.9703403119794,52.925361653331,50.436717815396,3.54008675249348,0,2
58.5,2,UAV,15,0.884257124357244,79.5079637392621,21.6016647741985,0.7,1,0
58.5,3,UAV,43.08644934363,-1.7155969787978,33.7828334319186,27.3644636845516,0.913054433010374,0,1
58.5,3,UAV,23.5443061060887,-0.954660243694177,53.6059265797387,50.7850810065729,3.48733644367609,0,2
58.5,4,UGV,31.0952935906077,-0.592436947472751,33.7961079900567,27.6368753949234,0.694286190133206,0,1
58.5,4,UGV,21,-1.93892818282233,0.442665314644034,25.4069733717959,1.4,1,0
58.5,5,UGV,42.3610299160009,-2.71793012820562,33.3841347265856,27.5852991777111,1.05047455726516,0,1
58.5,5,UGV,19.6191296664425,2.85315361094395,53.1913548820249,50.5807811007742,3.35530012828586,0,2
58.5,6,UGV,23.2323025946139,1.83428828929411,33.9490637290086,27.4304715530482,0.767564009136895,0,1
58.5,6,UGV,27,1.52107181717766,41.3420085747235,31.9666277644308,0.7,1,0
59,1,UAV,29.7498389126293,0.619047823806842,34.2292010358988,27.262639789134,0.8737129802991,0,1
59,1,UAV,19,0.0642571243572512,28.9607882035484,11.2200453680824,0.7,1,0
59,2,UAV,40.3046759115217,2.68856398502664,33.7610337615762,27.6409814438761,0.86689029694405,0,1
59,2,UAV,43.7443371831155,1.96576885960536,53.1679298560522,50.376335275249,3.58770805423118,0,2
59,3,UAV,43.0787249451463,-1.71725867678125,33.7131219564902,27.3824952940038,0.882230440667587,0,1
59,3,UAV,23.5463502874205,-0.974063076850985,53.2317137879838,50.5230299561049,3.56755914562408,0,2
59,3,UAV,25,-2.75892818282234,16.8081741620719,60.6651612599248,1.4,1,0
59,4,UGV,31.1047231752722,-0.594549266841994,33.7671854810807,27.5771427086744,0.668104583610621,0,1
59,5,UGV,41.9039703756043,-2.70824580014386,33.9694040201364,27.404077101331,0.772847760309303,0,1
59,5,UGV,19.8290630910933,2.855657994882,52.9760276597517,50.592872202011,3.57777195108612,0,2
59,5,UGV,31,0.701071817177667,95.6886891998435,64.9961497292159,0.7,1,0
59,6,UGV,23.1807107177683,1.83178639867629,34.0185138191137,27.3956953999809,0.948697017800105,0,1
59.5,1,UAV,29.4793635851883,0.627315746939155,33.866669900915,27.303610756963,0.985635760699659,0,1
59.5,2,UAV,40.0726143193992,2.67802378543174,34.1565531333357,27.9181956431985,0.912192747607603,0,1
59.5,2,UAV,44.3441658707478,1.96339276681242,53.0344275814806,50.9704088249601,3.83033073449496,0,2
59.5,2,UAV,29,2.70425712435724,43.7293827475321,22.2822908764748,1.4,1,0
59.5,3,UAV,43.0609521502271,-1.71331033171622,33.8839634450444,27.3755974007541,0.859068801565228,0,1
59.5,3,UAV,23.3792337202508,-0.985664213276346,52.912573404218,50.5101560440625,3.53164495725875,0,2
59.5,4,UGV,31.2984547413761,-0.607628014455768,33.6961735662075,27.1310343541294,0.625459376702399,0,1
59.5,4,UGV,10,-0.118928182822341,17.9293637516416,43.8135197061959,0.7,1,0
59.5,5,UGV,41.980108159519,-2.70531358087573,33.9521565625898,27.2604653148049,0.931665773339364,0,1
59.5,5,UGV,19.7007268883891,2.85161059309748,53.1217980574716,50.6331280251751,3.49248960441193,0,2
59.5,6,UGV,23.3647062854503,1.82526481602361,34.1183779640131,27.6122980263209,0.720016735174192,0,1
59.5,6,UGV,16,-2.94211349000193,24.3172812939774,1.82945840781587,1.4,1,0
60,1,UAV,29.9545583205581,0.632852521442937,34.1536686430217,27.7165418539518,0.689382981307259,0,1
60,1,UAV,8,1.88425712435724,7.53317890638831,17.6101769816551,1.4,1,0
60,2,UAV,40.0204457738651,2.68249701778002,34.123526439496,27.7345630000102,0.804227823232804,0,1
60,2,UAV,43.9420133665313,1.96342411877251,53.187013700437,50.5983254629439,3.55826944550964,0,2
60,3,UAV,42.9402414993428,-1.70404218377506,34.2953063780704,27.4403852143632,1.08522868391545,0,1
60,3,UAV,23.395917296702,-0.981149472233091,53.0097103015999,50.5547850610345,3.45814313885529,0,2
60,3,UAV,14,-0.938928182822348,48.2691453703246,58.7030431157573,0.7,1,0
60,4,UGV,31.3245256395012,-0.593149113894436,33.9738116810121,27.4903736961895,0.673703787690905,0,1
60,5,UGV,41.7356616451073,-2.71760376571249,33.9598154316857,27.829973472255,0.832561700818207,0,1
60,5,UGV,19.8467481545033,2.85208162717678,52.9792023722152,50.66592180595,3.51802430843779,0,2
60,5,UGV,20,2.52107181717766,55.7284855596551,56.6291795848911,1.4,1,0
60,6,UGV,23.3212587216226,1.82698064018279,34.0905971461261,27.5601433122994,0.725605908463969,0,1
